{
 "type": "FeatureCollection",
 "features": [
  {
   "type": "Feature",
   "properties": {
    "project_id": "DESC_4",
    "name": "Queensboro - Ft Johnson 115 kV & Queensboro-Bayfront 115kV (Queensboro-James Island Sect)",
    "utility": "Dominion Energy South Carolina",
    "type": "line",
    "endpoint_a": "Queensboro Sub",
    "endpoint_b": "Ft Johnson Sub",
    "in_service_date": "2023-12-31",
    "confidence": "confirmed",
    "geometry_basis": "route-aware: point snapped to power=line OSM way 495778183 \u00b7 115000 V",
    "geometry_note": "OSM route proxy, not surveyed clearance",
    "geometry_source": "osm_snapped",
    "snap_m": 1.9,
    "center_lat": 32.722793,
    "center_lon": -79.967332
   },
   "geometry": {
    "type": "Point",
    "coordinates": [
     -79.96733276655975,
     32.72277560860168
    ]
   }
  },
  {
   "type": "Feature",
   "properties": {
    "project_id": "DESC_6",
    "name": "Union Pier 115-13.8 kV Sub: Tap",
    "utility": "Dominion Energy South Carolina",
    "type": "substation",
    "endpoint_a": "Union Pier",
    "endpoint_b": "",
    "in_service_date": "2027-12-31",
    "confidence": "confirmed",
    "geometry_basis": "route-aware: point snapped to power=line OSM way 968810323",
    "geometry_note": "OSM route proxy, not surveyed clearance",
    "geometry_source": "osm_snapped",
    "snap_m": 3.0,
    "center_lat": 33.553044,
    "center_lon": -84.509476
   },
   "geometry": {
    "type": "Point",
    "coordinates": [
     -84.50950860000002,
     33.55304442100467
    ]
   }
  },
  {
   "type": "Feature",
   "properties": {
    "project_id": "DESC_7",
    "name": "Okatie 230-115kV Substation, Jasper \u2013 Yemassee 230kV #1 Fold-in",
    "utility": "Dominion Energy South Carolina",
    "type": "substation",
    "endpoint_a": "Okatie",
    "endpoint_b": "Yemassee",
    "in_service_date": "2024-12-31",
    "confidence": "likely",
    "geometry_basis": "route-aware: corridor snapped to power=line OSM way 185390956 \u00b7 230000 V",
    "geometry_note": "OSM route proxy, not surveyed clearance",
    "geometry_source": "osm_snapped",
    "snap_m": 2333.5,
    "center_lat": 32.496781,
    "center_lon": -80.904287
   },
   "geometry": {
    "type": "LineString",
    "coordinates": [
     [
      -80.93675990000001,
      32.29701950000001
     ],
     [
      -80.937183,
      32.2989153
     ],
     [
      -80.9376081,
      32.30079319999999
     ],
     [
      -80.9380467,
      32.302672699999995
     ],
     [
      -80.9384699,
      32.3045603
     ],
     [
      -80.9389142,
      32.30652099999998
     ],
     [
      -80.93933740000001,
      32.30833529999998
     ],
     [
      -80.9397664,
      32.31022440000001
     ],
     [
      -80.9399697,
      32.31108039999998
     ],
     [
      -80.9401818,
      32.31210369999998
     ],
     [
      -80.9406146,
      32.31399439999999
     ],
     [
      -80.9410551,
      32.315883299999996
     ],
     [
      -80.9414187,
      32.317851899999994
     ],
     [
      -80.94191690000001,
      32.31965629999999
     ],
     [
      -80.94234970000001,
      32.32155000000001
     ],
     [
      -80.9427844,
      32.32342909999999
     ],
     [
      -80.9432191,
      32.32529839999999
     ],
     [
      -80.9436519,
      32.327196799999996
     ],
     [
      -80.9440852,
      32.329135000000015
     ],
     [
      -80.9445259,
      32.33103130000001
     ],
     [
      -80.9449638,
      32.33289999999999
     ],
     [
      -80.9453963,
      32.334789399999984
     ],
     [
      -80.9458262,
      32.33666949999999
     ],
     [
      -80.9462614,
      32.33855879999999
     ],
     [
      -80.9466477,
      32.340243499999985
     ],
     [
      -80.9483914,
      32.340896199999996
     ],
     [
      -80.950097,
      32.341521399999976
     ],
     [
      -80.9517618,
      32.3421373
     ],
     [
      -80.9515116,
      32.34379669999999
     ],
     [
      -80.9511742,
      32.34570420000001
     ],
     [
      -80.9508532,
      32.347604800000006
     ],
     [
      -80.9505322,
      32.349496099999996
     ],
     [
      -80.9502194,
      32.35127709999998
     ],
     [
      -80.949893,
      32.353179899999986
     ],
     [
      -80.9495747,
      32.355094099999995
     ],
     [
      -80.9492483,
      32.356994499999985
     ],
     [
      -80.9489191,
      32.358892600000004
     ],
     [
      -80.9485927,
      32.36078829999999
     ],
     [
      -80.948276,
      32.362708499999975
     ],
     [
      -80.9480802,
      32.36379070000001
     ],
     [
      -80.9477537,
      32.365686399999994
     ],
     [
      -80.9474382,
      32.36759109999999
     ],
     [
      -80.947109,
      32.3694935
     ],
     [
      -80.9467853,
      32.371402800000006
     ],
     [
      -80.9464561,
      32.37331669999999
     ],
     [
      -80.9461351,
      32.37522349999997
     ],
     [
      -80.945806,
      32.37712580000001
     ],
     [
      -80.94548500000002,
      32.37903259999999
     ],
     [
      -80.9451885,
      32.38079699999998
     ],
     [
      -80.94488380000001,
      32.38255439999999
     ],
     [
      -80.9445628,
      32.38445879999998
     ],
     [
      -80.94423640000001,
      32.38636319999998
     ],
     [
      -80.9439236,
      32.38826980000002
     ],
     [
      -80.9436026,
      32.39016029999999
     ],
     [
      -80.9433251,
      32.391804999999984
     ],
     [
      -80.9429932,
      32.39370459999999
     ],
     [
      -80.9426749,
      32.39560190000001
     ],
     [
      -80.9423539,
      32.3975083
     ],
     [
      -80.9420384,
      32.39941239999998
     ],
     [
      -80.9417065,
      32.40131189999999
     ],
     [
      -80.9414182,
      32.40308499999998
     ],
     [
      -80.9411298,
      32.40483739999997
     ],
     [
      -80.9408007,
      32.40675740000001
     ],
     [
      -80.9404742,
      32.40870949999998
     ],
     [
      -80.9401505,
      32.41058120000001
     ],
     [
      -80.9398132,
      32.41250109999999
     ],
     [
      -80.9395112,
      32.414395699999965
     ],
     [
      -80.9391794,
      32.41631320000001
     ],
     [
      -80.9388529,
      32.4182077
     ],
     [
      -80.9385836,
      32.41983349999999
     ],
     [
      -80.9382654,
      32.421730199999985
     ],
     [
      -80.9379389,
      32.42363839999999
     ],
     [
      -80.9376206,
      32.42553740000001
     ],
     [
      -80.9372969,
      32.427438599999995
     ],
     [
      -80.9369814,
      32.4293397
     ],
     [
      -80.9366468,
      32.43124310000001
     ],
     [
      -80.9363394,
      32.43314879999999
     ],
     [
      -80.9360075,
      32.43504529999999
     ],
     [
      -80.9357028,
      32.4369532
     ],
     [
      -80.9353791,
      32.438838099999984
     ],
     [
      -80.9350581,
      32.440741299999985
     ],
     [
      -80.934748,
      32.44263069999999
     ],
     [
      -80.9344189,
      32.444545299999994
     ],
     [
      -80.9340979,
      32.4464553
     ],
     [
      -80.9337932,
      32.44826650000002
     ],
     [
      -80.9335293,
      32.44971730000001
     ],
     [
      -80.9341849,
      32.4510579
     ],
     [
      -80.9349738,
      32.4527038
     ],
     [
      -80.9357518,
      32.454365700000004
     ],
     [
      -80.9365271,
      32.456027600000006
     ],
     [
      -80.9373133,
      32.457671000000005
     ],
     [
      -80.9381103,
      32.459326
     ],
     [
      -80.9388937,
      32.46098779999999
     ],
     [
      -80.9396745,
      32.46264949999998
     ],
     [
      -80.9404497,
      32.4643043
     ],
     [
      -80.9412958,
      32.46607160000001
     ],
     [
      -80.9421608,
      32.46786180000001
     ],
     [
      -80.9430014,
      32.4696542
     ],
     [
      -80.9438419,
      32.47143979999998
     ],
     [
      -80.9447972,
      32.47347879999999
     ],
     [
      -80.9456296,
      32.47519309999999
     ],
     [
      -80.946462,
      32.47697850000001
     ],
     [
      -80.947202,
      32.47852070000001
     ],
     [
      -80.948018,
      32.480221100000016
     ],
     [
      -80.9488695,
      32.4820248
     ],
     [
      -80.94971010000002,
      32.48378249999999
     ],
     [
      -80.95055880000001,
      32.48556090000001
     ],
     [
      -80.9514157,
      32.48734610000001
     ],
     [
      -80.952259,
      32.48913129999998
     ],
     [
      -80.9531213,
      32.4909095
     ],
     [
      -80.9538911,
      32.49253859999999
     ],
     [
      -80.9548133,
      32.494470500000006
     ],
     [
      -80.9556729,
      32.496255499999975
     ],
     [
      -80.9564264,
      32.497875299999976
     ],
     [
      -80.9576941,
      32.4993024
     ],
     [
      -80.9590706,
      32.50084179999999
     ],
     [
      -80.9604307,
      32.5023767
     ],
     [
      -80.9618153,
      32.5039115
     ],
     [
      -80.9631755,
      32.5054417
     ],
     [
      -80.9644867,
      32.50691909999997
     ],
     [
      -80.9658332,
      32.50846069999999
     ],
     [
      -80.9672151,
      32.50997019999999
     ],
     [
      -80.9686677,
      32.511610399999995
     ],
     [
      -80.969949,
      32.513067
     ],
     [
      -80.971592,
      32.51489529999998
     ],
     [
      -80.9726829,
      32.5161179
     ],
     [
      -80.9740512,
      32.51764789999999
     ],
     [
      -80.9754168,
      32.51918019999997
     ],
     [
      -80.9760669,
      32.519969200000006
     ],
     [
      -80.9766599,
      32.52064129999999
     ],
     [
      -80.97797660000002,
      32.522061100000016
     ],
     [
      -80.9792959,
      32.523552
     ],
     [
      -80.9806941,
      32.5251025
     ],
     [
      -80.9820543,
      32.52664379999999
     ],
     [
      -80.9832213,
      32.527958
     ],
     [
      -80.9842033,
      32.52906579999999
     ],
     [
      -80.9847854,
      32.52971490000001
     ],
     [
      -80.9847446,
      32.53176519999998
     ],
     [
      -80.9847256,
      32.533414199999996
     ],
     [
      -80.9846766,
      32.5362695
     ],
     [
      -80.98619450000001,
      32.5373634
     ],
     [
      -80.9876798,
      32.53843210000001
     ],
     [
      -80.9896384,
      32.53986539999998
     ],
     [
      -80.9913685,
      32.54111979999999
     ],
     [
      -80.9930143,
      32.54233980000001
     ],
     [
      -80.992794,
      32.54422699999999
     ],
     [
      -80.9925219,
      32.54641469999999
     ],
     [
      -80.9922798,
      32.54834310000001
     ],
     [
      -80.992035,
      32.5502555
     ],
     [
      -80.9918419,
      32.55190409999999
     ],
     [
      -80.991578,
      32.5539288
     ],
     [
      -80.9913441,
      32.55574930000002
     ],
     [
      -80.9911319,
      32.5574552
     ],
     [
      -80.9909088,
      32.55922289999999
     ],
     [
      -80.9907157,
      32.560864499999994
     ],
     [
      -80.9905035,
      32.562503799999995
     ],
     [
      -80.9903158,
      32.56401460000002
     ],
     [
      -80.9901879,
      32.564966100000014
     ],
     [
      -80.9900465,
      32.56589
     ],
     [
      -80.9903892,
      32.56751079999999
     ],
     [
      -80.9906803,
      32.56913160000002
     ],
     [
      -80.991053,
      32.57103440000001
     ],
     [
      -80.9913957,
      32.572937100000004
     ],
     [
      -80.99171400000002,
      32.57470910000001
     ],
     [
      -80.9920105,
      32.576210599999996
     ],
     [
      -80.9922662,
      32.577556199999975
     ],
     [
      -80.9925301,
      32.57894530000001
     ],
     [
      -80.9921221,
      32.58038479999998
     ],
     [
      -80.9917412,
      32.5818037
     ],
     [
      -80.9912815,
      32.58352219999999
     ],
     [
      -80.9908136,
      32.58521379999999
     ],
     [
      -80.9902995,
      32.587091
     ],
     [
      -80.9897962,
      32.588961299999994
     ],
     [
      -80.9893691,
      32.5905519
     ],
     [
      -80.9889529,
      32.59203020000001
     ],
     [
      -80.988534,
      32.5936873
     ],
     [
      -80.9875139,
      32.59471630000001
     ],
     [
      -80.9863686,
      32.59587829999998
     ],
     [
      -80.9850275,
      32.59725110000001
     ],
     [
      -80.9840918,
      32.5981769
     ],
     [
      -80.9840945,
      32.59984070000001
     ],
     [
      -80.9840646,
      32.60185049999996
     ],
     [
      -80.9840292,
      32.6035762
     ],
     [
      -80.9840129,
      32.605288000000016
     ],
     [
      -80.9839938,
      32.6069998
     ],
     [
      -80.9839666,
      32.6087963
     ],
     [
      -80.9839394,
      32.61064319999999
     ],
     [
      -80.9839013,
      32.612444300000014
     ],
     [
      -80.9838877,
      32.614627999999996
     ],
     [
      -80.9838823,
      32.616472500000015
     ],
     [
      -80.9824297,
      32.617860999999984
     ],
     [
      -80.98081650000002,
      32.61941669999999
     ],
     [
      -80.9794782,
      32.6207067
     ],
     [
      -80.9779385,
      32.62219820000001
     ],
     [
      -80.9760642,
      32.624012799999996
     ],
     [
      -80.9747041,
      32.62531640000001
     ],
     [
      -80.9731807,
      32.62679640000001
     ],
     [
      -80.9717498,
      32.6281596
     ],
     [
      -80.9701122,
      32.62975869999999
     ],
     [
      -80.9685698,
      32.63123859999999
     ],
     [
      -80.96699750000002,
      32.632759799999995
     ],
     [
      -80.9654632,
      32.63425109999999
     ],
     [
      -80.963929,
      32.63572409999999
     ],
     [
      -80.9623322,
      32.63726579999999
     ],
     [
      -80.9607789,
      32.638759400000005
     ],
     [
      -80.9592963,
      32.64019789999998
     ],
     [
      -80.9577567,
      32.64168690000002
     ],
     [
      -80.9561463,
      32.64331319999999
     ],
     [
      -80.9545331,
      32.6447975
     ],
     [
      -80.9532573,
      32.64603900000001
     ],
     [
      -80.9518672,
      32.64738809999999
     ],
     [
      -80.9504201,
      32.64878070000002
     ],
     [
      -80.9489756,
      32.6501802
     ],
     [
      -80.9476916,
      32.65142389999999
     ],
     [
      -80.9464022,
      32.65265610000001
     ],
     [
      -80.9450094,
      32.654002799999994
     ],
     [
      -80.9436765,
      32.65529
     ],
     [
      -80.942387,
      32.65653360000001
     ],
     [
      -80.9409344,
      32.65792609999999
     ],
     [
      -80.9396586,
      32.65917649999999
     ],
     [
      -80.93826850000002,
      32.66051169999997
     ],
     [
      -80.93686760000001,
      32.66184909999999
     ],
     [
      -80.9354938,
      32.663182
     ],
     [
      -80.9340902,
      32.6645331
     ],
     [
      -80.9326892,
      32.66588660000001
     ],
     [
      -80.9311903,
      32.66733610000001
     ],
     [
      -80.9296996,
      32.66876959999999
     ],
     [
      -80.9283014,
      32.67011149999999
     ],
     [
      -80.9269004,
      32.6714924
     ],
     [
      -80.92508600000001,
      32.67199839999999
     ],
     [
      -80.9230839,
      32.6725732
     ],
     [
      -80.9210845,
      32.67316619999998
     ],
     [
      -80.9190796,
      32.67374099999998
     ],
     [
      -80.9173094,
      32.674251299999995
     ],
     [
      -80.9152458,
      32.674845999999995
     ],
     [
      -80.9131599,
      32.67544529999999
     ],
     [
      -80.9109183,
      32.67610069999998
     ],
     [
      -80.9088603,
      32.67669999999997
     ],
     [
      -80.9068467,
      32.67727359999999
     ],
     [
      -80.9047692,
      32.67785879999999
     ],
     [
      -80.9036095,
      32.6793546
     ],
     [
      -80.9027723,
      32.68039400000001
     ],
     [
      -80.9014791,
      32.68199979999999
     ],
     [
      -80.9003305,
      32.6834605
     ],
     [
      -80.8991541,
      32.68492349999999
     ],
     [
      -80.8979971,
      32.686348999999986
     ],
     [
      -80.8967873,
      32.687879800000005
     ],
     [
      -80.8955636,
      32.68941529999999
     ],
     [
      -80.8944206,
      32.69084069999999
     ],
     [
      -80.8932247,
      32.692327000000006
     ],
     [
      -80.89202040000002,
      32.693799199999994
     ],
     [
      -80.8915755,
      32.695589699999985
     ],
     [
      -80.8911583,
      32.6972982
     ],
     [
      -80.8906771,
      32.6990676
     ],
     [
      -80.8902349,
      32.700993700000005
     ],
     [
      -80.8898372,
      32.70262960000001
     ],
     [
      -80.8888054,
      32.7039565
     ],
     [
      -80.8876902,
      32.70545890000001
     ],
     [
      -80.8865555,
      32.70694030000001
     ],
     [
      -80.8853958,
      32.70847779999999
     ],
     [
      -80.88495089156858,
      32.709068747661284
     ]
    ]
   }
  },
  {
   "type": "Feature",
   "properties": {
    "project_id": "DESC_8",
    "name": "Cainhoy - Hamlin 115kV: Rebuild Line and Cainhoy \u2013 Hamlin 115 kV #2: Construct New 115 kV Line",
    "utility": "Dominion Energy South Carolina",
    "type": "line",
    "endpoint_a": "Cainhoy",
    "endpoint_b": "Hamlin",
    "in_service_date": "2025-12-01",
    "confidence": "confirmed",
    "geometry_basis": "route-aware: corridor snapped to power=line OSM way 229116299 \u00b7 115000 V",
    "geometry_note": "OSM route proxy, not surveyed clearance",
    "geometry_source": "osm_snapped",
    "snap_m": 3231.2,
    "center_lat": 32.900669,
    "center_lon": -79.815358
   },
   "geometry": {
    "type": "LineString",
    "coordinates": [
     [
      -79.83036640000002,
      32.91419819999998
     ],
     [
      -79.8297942,
      32.914168399999994
     ],
     [
      -79.8280821,
      32.91408260000001
     ],
     [
      -79.8262891,
      32.91401140000001
     ],
     [
      -79.824496,
      32.913940199999985
     ],
     [
      -79.8227006,
      32.913872899999994
     ],
     [
      -79.8205766,
      32.91379729999999
     ],
     [
      -79.8191887,
      32.9120989
     ],
     [
      -79.8177736,
      32.910420999999985
     ],
     [
      -79.816353,
      32.9087317
     ],
     [
      -79.8149106,
      32.90701479999998
     ],
     [
      -79.81379,
      32.90568249999998
     ],
     [
      -79.8126693,
      32.90434330000001
     ],
     [
      -79.8114785,
      32.90294039999999
     ],
     [
      -79.8102286,
      32.901432299999996
     ],
     [
      -79.8087882,
      32.899727299999995
     ],
     [
      -79.8075504,
      32.89816030000001
     ],
     [
      -79.8067558,
      32.89688109999999
     ],
     [
      -79.8058387,
      32.8954152
     ],
     [
      -79.8048245,
      32.893776900000006
     ],
     [
      -79.8037275,
      32.89202360000001
     ],
     [
      -79.802621,
      32.89019069999999
     ],
     [
      -79.8025468,
      32.89007569999998
     ],
     [
      -79.8025252,
      32.8900473
     ],
     [
      -79.8025084,
      32.89001259999998
     ],
     [
      -79.80248530000001,
      32.889969
     ],
     [
      -79.8024134,
      32.88985879999999
     ],
     [
      -79.8016153,
      32.888635100000016
     ],
     [
      -79.8005546,
      32.886945399999995
     ],
     [
      -79.7995103,
      32.88526010000001
     ],
     [
      -79.7984851,
      32.883611499999994
     ],
     [
      -79.7973999,
      32.88189419999999
     ],
     [
      -79.796331,
      32.88018139999998
     ],
     [
      -79.7952431,
      32.8784228
     ],
     [
      -79.7941634,
      32.87668239999997
     ],
     [
      -79.7929391,
      32.8747612
     ],
     [
      -79.792751,
      32.872865
     ],
     [
      -79.7925437,
      32.870939099999994
     ],
     [
      -79.7923365,
      32.86899479999998
     ],
     [
      -79.7921492,
      32.867374700000006
     ],
     [
      -79.7919759,
      32.865708999999995
     ],
     [
      -79.7917956,
      32.86409170000001
     ],
     [
      -79.7915546,
      32.862621200000014
     ],
     [
      -79.7913389,
      32.86110509999999
     ],
     [
      -79.7898836,
      32.86039100000001
     ],
     [
      -79.7890348,
      32.859926400000006
     ]
    ]
   }
  },
  {
   "type": "Feature",
   "properties": {
    "project_id": "DESC_9",
    "name": "Eastover - Square D 115kV: Rebuild",
    "utility": "Dominion Energy South Carolina",
    "type": "line",
    "endpoint_a": "Eastover",
    "endpoint_b": "Square D",
    "in_service_date": "2024-06-01",
    "confidence": "unconfirmed",
    "geometry_basis": "straight corridor (endpoint geocode) + 10 km uncertainty buffer (no OSM power=line within 10 km)",
    "geometry_note": "corridor proximity, not surveyed distance",
    "geometry_source": "buffered_estimate",
    "buffer_m": 10000.0,
    "center_lat": 38.119816,
    "center_lon": -75.860104
   },
   "geometry": {
    "type": "LineString",
    "coordinates": [
     [
      -80.64187994099996,
      33.88756793800004
     ],
     [
      -71.0783276,
      42.352065
     ]
    ]
   }
  },
  {
   "type": "Feature",
   "properties": {
    "project_id": "DESC_10",
    "name": "Burton-St Helena 115kV: Rebuild Burton-Frogmore Transmission Section",
    "utility": "Dominion Energy South Carolina",
    "type": "line",
    "endpoint_a": "Burton",
    "endpoint_b": "St Helena",
    "in_service_date": "2024-12-31",
    "confidence": "likely",
    "geometry_basis": "route-aware: corridor snapped to power=line OSM way 1064802539 \u00b7 115000 V",
    "geometry_note": "OSM route proxy, not surveyed clearance",
    "geometry_source": "osm_snapped",
    "snap_m": 6954.2,
    "center_lat": 32.411708,
    "center_lon": -80.64071
   },
   "geometry": {
    "type": "LineString",
    "coordinates": [
     [
      -80.6619386,
      32.39841909999999
     ],
     [
      -80.6609207,
      32.3990335
     ],
     [
      -80.6598948,
      32.399681499999986
     ],
     [
      -80.6587973,
      32.40026899999998
     ],
     [
      -80.65768,
      32.4008498
     ],
     [
      -80.6566461,
      32.4014508
     ],
     [
      -80.6557276,
      32.40197449999999
     ],
     [
      -80.6546341,
      32.40256539999999
     ],
     [
      -80.6535446,
      32.4031361
     ],
     [
      -80.6523359,
      32.40380420000002
     ],
     [
      -80.651481,
      32.404287599999996
     ],
     [
      -80.6503517,
      32.404388299999994
     ],
     [
      -80.6491588,
      32.4045159
     ],
     [
      -80.6480136,
      32.40461989999999
     ],
     [
      -80.646606,
      32.40477769999999
     ],
     [
      -80.64561990000001,
      32.40488509999999
     ],
     [
      -80.6448883,
      32.40495560000002
     ],
     [
      -80.643926,
      32.405039599999974
     ],
     [
      -80.6425065,
      32.405170500000004
     ],
     [
      -80.6412749,
      32.405304100000016
     ],
     [
      -80.6399535,
      32.40544570000001
     ],
     [
      -80.6385054,
      32.40561909999999
     ],
     [
      -80.6369845,
      32.40477119999999
     ],
     [
      -80.6355442,
      32.4040011
     ],
     [
      -80.6341472,
      32.403272
     ],
     [
      -80.6328444,
      32.402592600000006
     ],
     [
      -80.6315211,
      32.4019133
     ],
     [
      -80.6302802,
      32.401266299999996
     ],
     [
      -80.6289362,
      32.40054210000002
     ],
     [
      -80.6276335,
      32.399855299999984
     ],
     [
      -80.6260891,
      32.39902659999999
     ],
     [
      -80.6246803,
      32.398289999999974
     ],
     [
      -80.6237312,
      32.3978694
     ],
     [
      -80.6227586,
      32.39746130000001
     ],
     [
      -80.6211552,
      32.39778980000001
     ],
     [
      -80.6195342,
      32.398115799999985
     ],
     [
      -80.6183316,
      32.39835720000001
     ],
     [
      -80.6172264,
      32.3982302
     ],
     [
      -80.6160917,
      32.398083399999976
     ],
     [
      -80.6152074,
      32.397993799999995
     ],
     [
      -80.613999,
      32.3978644
     ],
     [
      -80.6128496,
      32.397735
     ],
     [
      -80.6118592,
      32.39762799999999
     ],
     [
      -80.6106744,
      32.397521000000005
     ],
     [
      -80.6095603,
      32.3973941
     ],
     [
      -80.6084167,
      32.397269699999995
     ],
     [
      -80.6074176,
      32.397137799999996
     ],
     [
      -80.6062475,
      32.39696850000002
     ],
     [
      -80.6048946,
      32.39666490000001
     ],
     [
      -80.6038513,
      32.39686899999998
     ],
     [
      -80.6026605,
      32.39710539999999
     ],
     [
      -80.601514,
      32.397341799999985
     ],
     [
      -80.6000993,
      32.3976355
     ],
     [
      -80.600073,
      32.39892569999999
     ],
     [
      -80.6000612,
      32.4000654
     ],
     [
      -80.5989442,
      32.4006079
     ],
     [
      -80.5973762,
      32.40137689999999
     ],
     [
      -80.5961148,
      32.40111300000002
     ],
     [
      -80.5947626,
      32.400841299999996
     ],
     [
      -80.5936465,
      32.40062159999999
     ],
     [
      -80.5921197,
      32.4003326
     ],
     [
      -80.5908291,
      32.40008109999999
     ],
     [
      -80.5895625,
      32.3998267
     ],
     [
      -80.5882581,
      32.39955789999998
     ],
     [
      -80.5869641,
      32.399329600000016
     ],
     [
      -80.5855776,
      32.39905499999998
     ],
     [
      -80.5841398,
      32.3987862
     ],
     [
      -80.5826815,
      32.3991908
     ],
     [
      -80.5810417,
      32.399621499999995
     ],
     [
      -80.5799085,
      32.399927899999994
     ],
     [
      -80.578772,
      32.39975159999998
     ],
     [
      -80.5777073,
      32.39962150000001
     ],
     [
      -80.576201,
      32.39944810000003
     ],
     [
      -80.5745062,
      32.39926229999999
     ],
     [
      -80.5732616,
      32.39908439999999
     ],
     [
      -80.5723744,
      32.39908649999999
     ],
     [
      -80.5715269,
      32.399120700000005
     ],
     [
      -80.5710422,
      32.398570100000015
     ],
     [
      -80.5707022,
      32.39818229999998
     ],
     [
      -80.5705068,
      32.3979788
     ],
     [
      -80.5694578,
      32.39785799999999
     ],
     [
      -80.5682094,
      32.39771439999998
     ],
     [
      -80.5669127,
      32.39756439999997
     ],
     [
      -80.5659104,
      32.39745519999999
     ],
     [
      -80.5647228,
      32.39732449999999
     ],
     [
      -80.5635962,
      32.397315899999995
     ],
     [
      -80.56237880000002,
      32.39733169999999
     ],
     [
      -80.5614887,
      32.397346099999986
     ],
     [
      -80.5611724222365,
      32.39735693176581
     ]
    ]
   }
  },
  {
   "type": "Feature",
   "properties": {
    "project_id": "DESC_11",
    "name": "Burton-St Helena 115kV: Frogmore Distribution - St Helena",
    "utility": "Dominion Energy South Carolina",
    "type": "line",
    "endpoint_a": "Burton-St Helena",
    "endpoint_b": "St Helena",
    "in_service_date": "2025-12-31",
    "confidence": "likely",
    "geometry_basis": "route-aware: corridor snapped to power=line OSM way 1064802539 \u00b7 115000 V",
    "geometry_note": "OSM route proxy, not surveyed clearance",
    "geometry_source": "osm_snapped",
    "snap_m": 6954.2,
    "center_lat": 32.411708,
    "center_lon": -80.64071
   },
   "geometry": {
    "type": "LineString",
    "coordinates": [
     [
      -80.6619386,
      32.39841909999999
     ],
     [
      -80.6609207,
      32.3990335
     ],
     [
      -80.6598948,
      32.399681499999986
     ],
     [
      -80.6587973,
      32.40026899999998
     ],
     [
      -80.65768,
      32.4008498
     ],
     [
      -80.6566461,
      32.4014508
     ],
     [
      -80.6557276,
      32.40197449999999
     ],
     [
      -80.6546341,
      32.40256539999999
     ],
     [
      -80.6535446,
      32.4031361
     ],
     [
      -80.6523359,
      32.40380420000002
     ],
     [
      -80.651481,
      32.404287599999996
     ],
     [
      -80.6503517,
      32.404388299999994
     ],
     [
      -80.6491588,
      32.4045159
     ],
     [
      -80.6480136,
      32.40461989999999
     ],
     [
      -80.646606,
      32.40477769999999
     ],
     [
      -80.64561990000001,
      32.40488509999999
     ],
     [
      -80.6448883,
      32.40495560000002
     ],
     [
      -80.643926,
      32.405039599999974
     ],
     [
      -80.6425065,
      32.405170500000004
     ],
     [
      -80.6412749,
      32.405304100000016
     ],
     [
      -80.6399535,
      32.40544570000001
     ],
     [
      -80.6385054,
      32.40561909999999
     ],
     [
      -80.6369845,
      32.40477119999999
     ],
     [
      -80.6355442,
      32.4040011
     ],
     [
      -80.6341472,
      32.403272
     ],
     [
      -80.6328444,
      32.402592600000006
     ],
     [
      -80.6315211,
      32.4019133
     ],
     [
      -80.6302802,
      32.401266299999996
     ],
     [
      -80.6289362,
      32.40054210000002
     ],
     [
      -80.6276335,
      32.399855299999984
     ],
     [
      -80.6260891,
      32.39902659999999
     ],
     [
      -80.6246803,
      32.398289999999974
     ],
     [
      -80.6237312,
      32.3978694
     ],
     [
      -80.6227586,
      32.39746130000001
     ],
     [
      -80.6211552,
      32.39778980000001
     ],
     [
      -80.6195342,
      32.398115799999985
     ],
     [
      -80.6183316,
      32.39835720000001
     ],
     [
      -80.6172264,
      32.3982302
     ],
     [
      -80.6160917,
      32.398083399999976
     ],
     [
      -80.6152074,
      32.397993799999995
     ],
     [
      -80.613999,
      32.3978644
     ],
     [
      -80.6128496,
      32.397735
     ],
     [
      -80.6118592,
      32.39762799999999
     ],
     [
      -80.6106744,
      32.397521000000005
     ],
     [
      -80.6095603,
      32.3973941
     ],
     [
      -80.6084167,
      32.397269699999995
     ],
     [
      -80.6074176,
      32.397137799999996
     ],
     [
      -80.6062475,
      32.39696850000002
     ],
     [
      -80.6048946,
      32.39666490000001
     ],
     [
      -80.6038513,
      32.39686899999998
     ],
     [
      -80.6026605,
      32.39710539999999
     ],
     [
      -80.601514,
      32.397341799999985
     ],
     [
      -80.6000993,
      32.3976355
     ],
     [
      -80.600073,
      32.39892569999999
     ],
     [
      -80.6000612,
      32.4000654
     ],
     [
      -80.5989442,
      32.4006079
     ],
     [
      -80.5973762,
      32.40137689999999
     ],
     [
      -80.5961148,
      32.40111300000002
     ],
     [
      -80.5947626,
      32.400841299999996
     ],
     [
      -80.5936465,
      32.40062159999999
     ],
     [
      -80.5921197,
      32.4003326
     ],
     [
      -80.5908291,
      32.40008109999999
     ],
     [
      -80.5895625,
      32.3998267
     ],
     [
      -80.5882581,
      32.39955789999998
     ],
     [
      -80.5869641,
      32.399329600000016
     ],
     [
      -80.5855776,
      32.39905499999998
     ],
     [
      -80.5841398,
      32.3987862
     ],
     [
      -80.5826815,
      32.3991908
     ],
     [
      -80.5810417,
      32.399621499999995
     ],
     [
      -80.5799085,
      32.399927899999994
     ],
     [
      -80.578772,
      32.39975159999998
     ],
     [
      -80.5777073,
      32.39962150000001
     ],
     [
      -80.576201,
      32.39944810000003
     ],
     [
      -80.5745062,
      32.39926229999999
     ],
     [
      -80.5732616,
      32.39908439999999
     ],
     [
      -80.5723744,
      32.39908649999999
     ],
     [
      -80.5715269,
      32.399120700000005
     ],
     [
      -80.5710422,
      32.398570100000015
     ],
     [
      -80.5707022,
      32.39818229999998
     ],
     [
      -80.5705068,
      32.3979788
     ],
     [
      -80.5694578,
      32.39785799999999
     ],
     [
      -80.5682094,
      32.39771439999998
     ],
     [
      -80.5669127,
      32.39756439999997
     ],
     [
      -80.5659104,
      32.39745519999999
     ],
     [
      -80.5647228,
      32.39732449999999
     ],
     [
      -80.5635962,
      32.397315899999995
     ],
     [
      -80.56237880000002,
      32.39733169999999
     ],
     [
      -80.5614887,
      32.397346099999986
     ],
     [
      -80.5611724222365,
      32.39735693176581
     ]
    ]
   }
  },
  {
   "type": "Feature",
   "properties": {
    "project_id": "DESC_12",
    "name": "VCS1-Denny Terrace 230kV & VCS1-Pineland 230kV: Rebuild Single Circuit Sections",
    "utility": "Dominion Energy South Carolina",
    "type": "line",
    "endpoint_a": "VCS1",
    "endpoint_b": "Denny Terrace",
    "in_service_date": "2026-12-31",
    "confidence": "unconfirmed",
    "geometry_basis": "straight corridor (endpoint geocode) + 10 km uncertainty buffer (no OSM power=line within 10 km)",
    "geometry_note": "corridor proximity, not surveyed distance",
    "geometry_source": "buffered_estimate",
    "buffer_m": 10000.0,
    "center_lat": 33.928781,
    "center_lon": -80.980728
   },
   "geometry": {
    "type": "LineString",
    "coordinates": [
     [
      -80.9,
      33.79999999999998
     ],
     [
      -81.06145604699998,
      34.05756276300007
     ]
    ]
   }
  },
  {
   "type": "Feature",
   "properties": {
    "project_id": "DESC_13",
    "name": "Wateree-Killian 230kV: Rebuild",
    "utility": "Dominion Energy South Carolina",
    "type": "line",
    "endpoint_a": "Wateree",
    "endpoint_b": "Killian",
    "in_service_date": "2028-12-31",
    "confidence": "likely",
    "geometry_basis": "straight corridor (endpoint geocode) + 10 km uncertainty buffer (no OSM power=line within 10 km)",
    "geometry_note": "corridor proximity, not surveyed distance",
    "geometry_source": "buffered_estimate",
    "buffer_m": 10000.0,
    "center_lat": 33.450678,
    "center_lon": -80.983751
   },
   "geometry": {
    "type": "LineString",
    "coordinates": [
     [
      -80.7023194,
      34.33465774999999
     ],
     [
      -81.2651824,
      32.566698
     ]
    ]
   }
  },
  {
   "type": "Feature",
   "properties": {
    "project_id": "DESC_5",
    "name": "Okatie-Bluffton 115kV: Rebuild",
    "utility": "Dominion Energy South Carolina",
    "type": "line",
    "endpoint_a": "Okatie Sub",
    "endpoint_b": "Bluffton Sub",
    "in_service_date": "2025-06-01",
    "confidence": "confirmed",
    "geometry_basis": "route-aware: corridor snapped to power=line OSM way 185381110 \u00b7 230000 V",
    "geometry_note": "OSM route proxy, not surveyed clearance",
    "geometry_source": "osm_snapped",
    "snap_m": 1838.7,
    "center_lat": 32.284393,
    "center_lon": -80.942939
   },
   "geometry": {
    "type": "LineString",
    "coordinates": [
     [
      -81.03303359844182,
      32.33266606644021
     ],
     [
      -81.0316809,
      32.33219520000001
     ],
     [
      -81.0300525,
      32.33077720000001
     ],
     [
      -81.028464,
      32.32938020000001
     ],
     [
      -81.0268854,
      32.32798529999998
     ],
     [
      -81.0252744,
      32.3265841
     ],
     [
      -81.0236784,
      32.3251786
     ],
     [
      -81.0220849,
      32.323789899999994
     ],
     [
      -81.0204754,
      32.32237059999999
     ],
     [
      -81.01887940000002,
      32.320984
     ],
     [
      -81.0172809,
      32.31957629999999
     ],
     [
      -81.0156749,
      32.318175000000004
     ],
     [
      -81.0140814,
      32.3167778
     ],
     [
      -81.0124854,
      32.3153742
     ],
     [
      -81.0108869,
      32.31397069999999
     ],
     [
      -81.009251,
      32.31254190000001
     ],
     [
      -81.0076849,
      32.31116769999998
     ],
     [
      -81.0060465,
      32.30972419999998
     ],
     [
      -81.0044928,
      32.30835839999999
     ],
     [
      -81.0028918,
      32.30698630000001
     ],
     [
      -81.0012834,
      32.3055553
     ],
     [
      -80.9996749,
      32.30414739999998
     ],
     [
      -80.9980764,
      32.302750000000024
     ],
     [
      -80.9964679,
      32.30136099999999
     ],
     [
      -80.9948595,
      32.29994039999998
     ],
     [
      -80.9932659,
      32.2985492
     ],
     [
      -80.9917297,
      32.297191699999985
     ],
     [
      -80.9900565,
      32.295701599999994
     ],
     [
      -80.9885102,
      32.294350300000005
     ],
     [
      -80.9868844,
      32.2929465
     ],
     [
      -80.9852858,
      32.291557299999965
     ],
     [
      -80.9836898,
      32.290118899999996
     ],
     [
      -80.9820841,
      32.2887378
     ],
     [
      -80.9804784,
      32.287350599999996
     ],
     [
      -80.9788939,
      32.28595449999999
     ],
     [
      -80.9772882,
      32.28454339999999
     ],
     [
      -80.9757212,
      32.2831681
     ],
     [
      -80.974098,
      32.281727299999986
     ],
     [
      -80.9724887,
      32.280331099999984
     ],
     [
      -80.9708972,
      32.2789378
     ],
     [
      -80.9692949,
      32.27757049999999
     ],
     [
      -80.9677437,
      32.27617479999999
     ],
     [
      -80.9659793,
      32.27463759999998
     ],
     [
      -80.9642539,
      32.27308639999999
     ],
     [
      -80.9627292,
      32.2717556
     ],
     [
      -80.9612115,
      32.27041280000002
     ],
     [
      -80.9594791,
      32.268897299999985
     ],
     [
      -80.9576199,
      32.26726570000001
     ],
     [
      -80.9569127,
      32.26664659999998
     ],
     [
      -80.9566234,
      32.2663933
     ],
     [
      -80.9551621,
      32.26686080000001
     ],
     [
      -80.9537148,
      32.26732530000001
     ],
     [
      -80.9514824,
      32.26730739999999
     ],
     [
      -80.94917240000001,
      32.2672895
     ],
     [
      -80.9468731,
      32.26728359999999
     ],
     [
      -80.9445561,
      32.26726869999999
     ],
     [
      -80.9422779,
      32.2672538
     ],
     [
      -80.9411264,
      32.267244900000016
     ],
     [
      -80.9399961,
      32.26722699999999
     ],
     [
      -80.9388059,
      32.26722399999998
     ],
     [
      -80.937658,
      32.26722699999999
     ],
     [
      -80.9353269,
      32.26722399999998
     ],
     [
      -80.9331156,
      32.26721209999998
     ],
     [
      -80.9307282,
      32.26719719999999
     ],
     [
      -80.9282563,
      32.26718530000002
     ],
     [
      -80.9259041,
      32.26717639999997
     ],
     [
      -80.9236188,
      32.267176399999975
     ],
     [
      -80.9213265,
      32.26717039999999
     ],
     [
      -80.9190624,
      32.2671913
     ],
     [
      -80.91673830000002,
      32.26718530000001
     ],
     [
      -80.9144214,
      32.26716449999999
     ],
     [
      -80.9120798,
      32.26714659999998
     ],
     [
      -80.9094881,
      32.26714959999999
     ],
     [
      -80.9070866,
      32.2671466
     ],
     [
      -80.9047978,
      32.267125799999995
     ],
     [
      -80.902502,
      32.26710789999999
     ],
     [
      -80.9002247,
      32.26709799999998
     ],
     [
      -80.8979418,
      32.26706649999998
     ],
     [
      -80.8956376,
      32.267030500000004
     ],
     [
      -80.8933972,
      32.26705069999999
     ],
     [
      -80.891822,
      32.26700799999998
     ],
     [
      -80.8894194,
      32.267005699999984
     ],
     [
      -80.8871018,
      32.266999000000006
     ],
     [
      -80.8847817,
      32.267005699999984
     ],
     [
      -80.8827728,
      32.26699449999997
     ],
     [
      -80.8807692,
      32.26699449999997
     ],
     [
      -80.8787364,
      32.2669922
     ],
     [
      -80.87675410000001,
      32.26699449999997
     ],
     [
      -80.8752588,
      32.26689769999998
     ],
     [
      -80.8738646,
      32.26682569999999
     ],
     [
      -80.8729173,
      32.26654220000001
     ],
     [
      -80.8719328,
      32.266234000000004
     ],
     [
      -80.8698841,
      32.264992099999986
     ],
     [
      -80.867955,
      32.2638041
     ],
     [
      -80.8660951,
      32.26267009999997
     ],
     [
      -80.8643577,
      32.26162609999999
     ],
     [
      -80.8626894,
      32.26065859999999
     ],
     [
      -80.860896,
      32.25950209999996
     ],
     [
      -80.8592064,
      32.25847159999998
     ],
     [
      -80.8577483,
      32.257877600000015
     ],
     [
      -80.8559071,
      32.25671879999999
     ],
     [
      -80.8539594,
      32.2555307
     ],
     [
      -80.8521022,
      32.25441239999999
     ],
     [
      -80.8502343,
      32.25325349999998
     ],
     [
      -80.8483824,
      32.252114899999995
     ],
     [
      -80.8465093,
      32.2509493
     ],
     [
      -80.8446388,
      32.249801699999985
     ],
     [
      -80.8439975,
      32.249511399999996
     ],
     [
      -80.84383746420193,
      32.24943638212776
     ]
    ]
   }
  },
  {
   "type": "Feature",
   "properties": {
    "project_id": "DESC_14",
    "name": "Hopkins-CIP 230kV: Rebuild",
    "utility": "Dominion Energy South Carolina",
    "type": "line",
    "endpoint_a": "Hopkins",
    "endpoint_b": "CIP",
    "in_service_date": "2025-12-31",
    "confidence": "unconfirmed",
    "geometry_basis": "straight corridor (endpoint geocode) + 10 km uncertainty buffer (no OSM power=line within 10 km)",
    "geometry_note": "corridor proximity, not surveyed distance",
    "geometry_source": "buffered_estimate",
    "buffer_m": 10000.0,
    "center_lat": 29.312886,
    "center_lon": -82.532652
   },
   "geometry": {
    "type": "LineString",
    "coordinates": [
     [
      -84.39814186799998,
      30.45310437300003
     ],
     [
      -80.6671613,
      28.1726667
     ]
    ]
   }
  },
  {
   "type": "Feature",
   "properties": {
    "project_id": "DESC_15",
    "name": "Faber Place-Bayfront 115kV: Rebuild North Bridge Terrace to Bayfront Section",
    "utility": "Dominion Energy South Carolina",
    "type": "line",
    "endpoint_a": "Faber Place",
    "endpoint_b": "Bayfront",
    "in_service_date": "2028-12-31",
    "confidence": "likely",
    "geometry_basis": "straight corridor (endpoint geocode) + 10 km uncertainty buffer (no OSM power=line within 10 km)",
    "geometry_note": "corridor proximity, not surveyed distance",
    "geometry_source": "buffered_estimate",
    "buffer_m": 10000.0,
    "center_lat": 32.796101,
    "center_lon": -79.989024
   },
   "geometry": {
    "type": "LineString",
    "coordinates": [
     [
      -80.01462405000001,
      32.850079799999996
     ],
     [
      -79.9634237,
      32.742122
     ]
    ]
   }
  },
  {
   "type": "Feature",
   "properties": {
    "project_id": "DESC_16",
    "name": "Square D - Hopkins 115kV: Rebuild",
    "utility": "Dominion Energy South Carolina",
    "type": "line",
    "endpoint_a": "Square D",
    "endpoint_b": "Hopkins",
    "in_service_date": "2024-09-30",
    "confidence": "unconfirmed",
    "geometry_basis": "straight corridor (endpoint geocode) + 10 km uncertainty buffer (no OSM power=line within 10 km)",
    "geometry_note": "corridor proximity, not surveyed distance",
    "geometry_source": "buffered_estimate",
    "buffer_m": 10000.0,
    "center_lat": 36.402585,
    "center_lon": -77.738235
   },
   "geometry": {
    "type": "LineString",
    "coordinates": [
     [
      -71.0783276,
      42.352065
     ],
     [
      -84.39814186799998,
      30.45310437300003
     ]
    ]
   }
  },
  {
   "type": "Feature",
   "properties": {
    "project_id": "DESC_1",
    "name": "Stevens Creek - Hooks 115kV/LR Plumb Branch 46kV Rebuilds",
    "utility": "Dominion Energy South Carolina",
    "type": "line",
    "endpoint_a": "Stevens Creek Sub",
    "endpoint_b": "Hooks Sub",
    "in_service_date": "2024-12-31",
    "confidence": "confirmed",
    "geometry_basis": "route-aware: point snapped to power=line OSM way 1073388046 \u00b7 46000 V",
    "geometry_note": "OSM route proxy, not surveyed clearance",
    "geometry_source": "osm_snapped",
    "snap_m": 35.3,
    "center_lat": 33.562599,
    "center_lon": -82.051362
   },
   "geometry": {
    "type": "Point",
    "coordinates": [
     -82.05112163928327,
     33.562352609780234
    ]
   }
  },
  {
   "type": "Feature",
   "properties": {
    "project_id": "DESC_17",
    "name": "Stevens Creek - Hooks 115kV/LR Plumb Branch 46kV",
    "utility": "Dominion Energy South Carolina",
    "type": "line",
    "endpoint_a": "Stevens Creek",
    "endpoint_b": "Hooks",
    "in_service_date": "2025-12-31",
    "confidence": "likely",
    "geometry_basis": "straight corridor (endpoint geocode) + 10 km uncertainty buffer (no OSM power=line within 10 km)",
    "geometry_note": "corridor proximity, not surveyed distance",
    "geometry_source": "buffered_estimate",
    "buffer_m": 10000.0,
    "center_lat": 33.866066,
    "center_lon": -80.572444
   },
   "geometry": {
    "type": "LineString",
    "coordinates": [
     [
      -82.053470727,
      33.561547716000064
     ],
     [
      -79.0914166,
      34.17058500000002
     ]
    ]
   }
  },
  {
   "type": "Feature",
   "properties": {
    "project_id": "DESC_18",
    "name": "Edenwood Sub: #1 & #2 230-115kV Autobanks, Replace with 336MVA",
    "utility": "Dominion Energy South Carolina",
    "type": "substation",
    "endpoint_a": "Edenwood Sub",
    "endpoint_b": "",
    "in_service_date": "2024-12-25",
    "confidence": "unconfirmed",
    "geometry_basis": "route-aware: point snapped to power=line OSM way 12465057 \u00b7 115000 V",
    "geometry_note": "OSM route proxy, not surveyed clearance",
    "geometry_source": "osm_snapped",
    "snap_m": 1823.4,
    "center_lat": 33.8,
    "center_lon": -80.9
   },
   "geometry": {
    "type": "Point",
    "coordinates": [
     -80.9170729,
     33.80830850000002
    ]
   }
  },
  {
   "type": "Feature",
   "properties": {
    "project_id": "DESC_19",
    "name": "Williams St Sub: Replace Sw House & Relays, AM Williams Sub: Replace Sw House, and McMeekin Sub: Add Sw House",
    "utility": "Dominion Energy South Carolina",
    "type": "substation",
    "endpoint_a": "Williams St Sub",
    "endpoint_b": "",
    "in_service_date": "2028-12-31",
    "confidence": "unconfirmed",
    "geometry_basis": "straight fallback: geocoded point (no OSM power=line within 10 km)",
    "geometry_note": "corridor proximity, not surveyed distance",
    "geometry_source": "straight_fallback",
    "buffer_m": 10000.0,
    "center_lat": 42.271283,
    "center_lon": -83.391373
   },
   "geometry": {
    "type": "Point",
    "coordinates": [
     -83.391373,
     42.2712828
    ]
   }
  },
  {
   "type": "Feature",
   "properties": {
    "project_id": "DESC_20",
    "name": "Harleyville 115KV Transmission Tap \u2013 Construct (1.4 miles)",
    "utility": "Dominion Energy South Carolina",
    "type": "line",
    "endpoint_a": "Harleyville",
    "endpoint_b": "",
    "in_service_date": "2027-03-31",
    "confidence": "confirmed",
    "geometry_basis": "route-aware: point snapped to power=line OSM way 1075801505 \u00b7 46000 V",
    "geometry_note": "OSM route proxy, not surveyed clearance",
    "geometry_source": "osm_snapped",
    "snap_m": 22.7,
    "center_lat": 33.209907,
    "center_lon": -80.451166
   },
   "geometry": {
    "type": "Point",
    "coordinates": [
     -80.4514043,
     33.209860299999995
    ]
   }
  },
  {
   "type": "Feature",
   "properties": {
    "project_id": "DESC_21",
    "name": "Summerville: Replace and Spare 230-115kV 336MVA Auto Bank",
    "utility": "Dominion Energy South Carolina",
    "type": "line",
    "endpoint_a": "Summerville",
    "endpoint_b": "",
    "in_service_date": "2024-12-31",
    "confidence": "confirmed",
    "geometry_basis": "route-aware: point snapped to power=line OSM way 1057685999 \u00b7 115000 V",
    "geometry_note": "OSM route proxy, not surveyed clearance",
    "geometry_source": "osm_snapped",
    "snap_m": 1.9,
    "center_lat": 34.471914,
    "center_lon": -85.337529
   },
   "geometry": {
    "type": "Point",
    "coordinates": [
     -85.33754853754522,
     34.47192052647743
    ]
   }
  },
  {
   "type": "Feature",
   "properties": {
    "project_id": "DESC_22",
    "name": "Canadys-Ritter 115KV-Rebld SPDC 230/115KV 1272 (Approx 18 Miles)",
    "utility": "Dominion Energy South Carolina",
    "type": "line",
    "endpoint_a": "Canadys",
    "endpoint_b": "Ritter",
    "in_service_date": "2026-06-01",
    "confidence": "confirmed",
    "geometry_basis": "straight corridor (endpoint geocode) + 10 km uncertainty buffer (no OSM power=line within 10 km)",
    "geometry_note": "corridor proximity, not surveyed distance",
    "geometry_source": "buffered_estimate",
    "buffer_m": 10000.0,
    "center_lat": 31.759568,
    "center_lon": -81.127304
   },
   "geometry": {
    "type": "LineString",
    "coordinates": [
     [
      -80.62039299099996,
      33.06433632900007
     ],
     [
      -81.6342151,
      30.454800099999996
     ]
    ]
   }
  },
  {
   "type": "Feature",
   "properties": {
    "project_id": "DESC_23",
    "name": "Yemassee\u2013 Ritter 230kV #1 & #2: Construct SPDC with B-1272",
    "utility": "Dominion Energy South Carolina",
    "type": "line",
    "endpoint_a": "Yemassee",
    "endpoint_b": "Ritter",
    "in_service_date": "2026-06-01",
    "confidence": "confirmed",
    "geometry_basis": "straight corridor (endpoint geocode) + 10 km uncertainty buffer (no OSM power=line within 10 km)",
    "geometry_note": "corridor proximity, not surveyed distance",
    "geometry_source": "buffered_estimate",
    "buffer_m": 10000.0,
    "center_lat": 31.576364,
    "center_lon": -81.248989
   },
   "geometry": {
    "type": "LineString",
    "coordinates": [
     [
      -80.86376335199998,
      32.69792762800005
     ],
     [
      -81.6342151,
      30.454800099999996
     ]
    ]
   }
  },
  {
   "type": "Feature",
   "properties": {
    "project_id": "DESC_24",
    "name": "Riverport Tap: Construct Tap",
    "utility": "Dominion Energy South Carolina",
    "type": "line",
    "endpoint_a": "Riverport Tap",
    "endpoint_b": "",
    "in_service_date": "2025-12-31",
    "confidence": "unconfirmed",
    "geometry_basis": "route-aware: point snapped to power=line OSM way 12465057 \u00b7 115000 V",
    "geometry_note": "OSM route proxy, not surveyed clearance",
    "geometry_source": "osm_snapped",
    "snap_m": 1823.4,
    "center_lat": 33.8,
    "center_lon": -80.9
   },
   "geometry": {
    "type": "Point",
    "coordinates": [
     -80.9170729,
     33.80830850000002
    ]
   }
  },
  {
   "type": "Feature",
   "properties": {
    "project_id": "DESC_3",
    "name": "Jasper \u2013 Okatie 230 kV #2: Construct",
    "utility": "Dominion Energy South Carolina",
    "type": "line",
    "endpoint_a": "Jasper Sub",
    "endpoint_b": "Okatie Sub",
    "in_service_date": "2025-12-31",
    "confidence": "confirmed",
    "geometry_basis": "route-aware: corridor snapped to power=line OSM way 185380544 \u00b7 230000 V",
    "geometry_note": "OSM route proxy, not surveyed clearance",
    "geometry_source": "osm_snapped",
    "snap_m": 925.2,
    "center_lat": 32.346439,
    "center_lon": -81.078547
   },
   "geometry": {
    "type": "LineString",
    "coordinates": [
     [
      -81.1223995,
      32.367210299999996
     ],
     [
      -81.1212835,
      32.3677424
     ],
     [
      -81.1201072,
      32.3683245
     ],
     [
      -81.1183269,
      32.368305999999976
     ],
     [
      -81.1168901,
      32.3682978
     ],
     [
      -81.1153752,
      32.368293699999995
     ],
     [
      -81.1136339,
      32.368293699999995
     ],
     [
      -81.1124576,
      32.3673042
     ],
     [
      -81.1114177,
      32.3663189
     ],
     [
      -81.1094718,
      32.36652870000001
     ],
     [
      -81.1081007,
      32.3666521
     ],
     [
      -81.1066857,
      32.36677969999999
     ],
     [
      -81.1052026,
      32.3669113
     ],
     [
      -81.1036268,
      32.367045
     ],
     [
      -81.1022021,
      32.3671787
     ],
     [
      -81.1002928,
      32.3673515
     ],
     [
      -81.0984102,
      32.3675243
     ],
     [
      -81.0968613,
      32.36667069999999
     ],
     [
      -81.095422,
      32.3658705
     ],
     [
      -81.0944819,
      32.3653521
     ],
     [
      -81.0929525,
      32.364488099999996
     ],
     [
      -81.0913208,
      32.3635912
     ],
     [
      -81.0897109,
      32.362692299999985
     ],
     [
      -81.0885712,
      32.36205459999999
     ],
     [
      -81.086976,
      32.361172
     ],
     [
      -81.0853808,
      32.360275099999974
     ],
     [
      -81.0841046,
      32.35956539999998
     ],
     [
      -81.0828675,
      32.35887420000001
     ],
     [
      -81.0812845,
      32.35799779999999
     ],
     [
      -81.0796771,
      32.3571049
     ],
     [
      -81.0780843,
      32.356218199999965
     ],
     [
      -81.0769446,
      32.35557229999999
     ],
     [
      -81.0753908,
      32.35463409999999
     ],
     [
      -81.0736056,
      32.35387499999998
     ],
     [
      -81.0721517,
      32.353212499999984
     ],
     [
      -81.0710533,
      32.35270639999999
     ],
     [
      -81.069502,
      32.35199249999999
     ],
     [
      -81.0685254,
      32.35153780000001
     ],
     [
      -81.0673564,
      32.351006999999974
     ],
     [
      -81.0658489,
      32.35030749999999
     ],
     [
      -81.0641587,
      32.3495298
     ],
     [
      -81.0628947,
      32.348943399999996
     ],
     [
      -81.0616307,
      32.3483632
     ],
     [
      -81.0605372,
      32.3478427
     ],
     [
      -81.0593682,
      32.34730769999999
     ],
     [
      -81.0577097,
      32.34655879999999
     ],
     [
      -81.0561706,
      32.345842800000014
     ],
     [
      -81.05514040000001,
      32.34536959999999
     ],
     [
      -81.0537352,
      32.344721499999984
     ],
     [
      -81.0526636,
      32.343365500000004
     ],
     [
      -81.0516943,
      32.3421516
     ],
     [
      -81.0510757,
      32.341367600000005
     ],
     [
      -81.0504181,
      32.34054869999998
     ],
     [
      -81.049388,
      32.33924819999999
     ],
     [
      -81.04832130000001,
      32.33779759999999
     ],
     [
      -81.046463,
      32.337200800000005
     ],
     [
      -81.0446925,
      32.336581499999994
     ],
     [
      -81.04328,
      32.33608759999999
     ],
     [
      -81.0418504,
      32.33558549999998
     ],
     [
      -81.0400604,
      32.334966099999995
     ],
     [
      -81.0382947,
      32.334346800000006
     ],
     [
      -81.0367677,
      32.33381579999998
     ],
     [
      -81.0354561,
      32.333363799999994
     ],
     [
      -81.0337757,
      32.33277729999999
     ],
     [
      -81.0324488,
      32.33231449999998
     ],
     [
      -81.03186029007753,
      32.33354352009257
     ]
    ]
   }
  },
  {
   "type": "Feature",
   "properties": {
    "project_id": "DESC_25",
    "name": "Wagener 115kV Tap: Construct Tap",
    "utility": "Dominion Energy South Carolina",
    "type": "line",
    "endpoint_a": "Wagener",
    "endpoint_b": "",
    "in_service_date": "2025-12-31",
    "confidence": "confirmed",
    "geometry_basis": "route-aware: point snapped to power=line OSM way 1071641407 \u00b7 46000 V",
    "geometry_note": "OSM route proxy, not surveyed clearance",
    "geometry_source": "osm_snapped",
    "snap_m": 2.3,
    "center_lat": 33.650112,
    "center_lon": -81.360566
   },
   "geometry": {
    "type": "Point",
    "coordinates": [
     -81.3605628,
     33.65013219999998
    ]
   }
  },
  {
   "type": "Feature",
   "properties": {
    "project_id": "DESC_26",
    "name": "Church Creek - Ritter 230kV - Replace 38 Large Angles and Dead Ends",
    "utility": "Dominion Energy South Carolina",
    "type": "line",
    "endpoint_a": "Church Creek",
    "endpoint_b": "Ritter",
    "in_service_date": "2024-06-01",
    "confidence": "likely",
    "geometry_basis": "straight corridor (endpoint geocode) + 10 km uncertainty buffer (no OSM power=line within 10 km)",
    "geometry_note": "corridor proximity, not surveyed distance",
    "geometry_source": "buffered_estimate",
    "buffer_m": 10000.0,
    "center_lat": 31.64256,
    "center_lon": -80.852247
   },
   "geometry": {
    "type": "LineString",
    "coordinates": [
     [
      -80.0702792,
      32.83031960000001
     ],
     [
      -81.6342151,
      30.454800099999996
     ]
    ]
   }
  },
  {
   "type": "Feature",
   "properties": {
    "project_id": "DESC_27",
    "name": "VCS2-Ward 230kV: Rebuild Line",
    "utility": "Dominion Energy South Carolina",
    "type": "line",
    "endpoint_a": "VCS2",
    "endpoint_b": "Ward",
    "in_service_date": "2029-12-31",
    "confidence": "unconfirmed",
    "geometry_basis": "straight corridor (endpoint geocode) + 10 km uncertainty buffer (no OSM power=line within 10 km)",
    "geometry_note": "corridor proximity, not surveyed distance",
    "geometry_source": "buffered_estimate",
    "buffer_m": 10000.0,
    "center_lat": 33.828958,
    "center_lon": -81.314915
   },
   "geometry": {
    "type": "LineString",
    "coordinates": [
     [
      -80.9,
      33.79999999999998
     ],
     [
      -81.729829,
      33.85791499999998
     ]
    ]
   }
  },
  {
   "type": "Feature",
   "properties": {
    "project_id": "DESC_28",
    "name": "Goose Creek Reservoir: Rebuild Transmission Line Crossings",
    "utility": "Dominion Energy South Carolina",
    "type": "line",
    "endpoint_a": "Goose Creek Reservoir",
    "endpoint_b": "",
    "in_service_date": "2024-12-31",
    "confidence": "likely",
    "geometry_basis": "route-aware: point snapped to power=line OSM way 184867950 \u00b7 230000 V",
    "geometry_note": "OSM route proxy, not surveyed clearance",
    "geometry_source": "osm_snapped",
    "snap_m": 638.9,
    "center_lat": 32.95333,
    "center_lon": -80.025163
   },
   "geometry": {
    "type": "Point",
    "coordinates": [
     -80.0307395,
     32.95667979999997
    ]
   }
  },
  {
   "type": "Feature",
   "properties": {
    "project_id": "DESC_29",
    "name": "Summerville 115kV Loop: Rebuild",
    "utility": "Dominion Energy South Carolina",
    "type": "line",
    "endpoint_a": "Summerville",
    "endpoint_b": "",
    "in_service_date": "2024-12-31",
    "confidence": "confirmed",
    "geometry_basis": "route-aware: point snapped to power=line OSM way 1057685999 \u00b7 115000 V",
    "geometry_note": "OSM route proxy, not surveyed clearance",
    "geometry_source": "osm_snapped",
    "snap_m": 1.9,
    "center_lat": 34.471914,
    "center_lon": -85.337529
   },
   "geometry": {
    "type": "Point",
    "coordinates": [
     -85.33754853754522,
     34.47192052647743
    ]
   }
  },
  {
   "type": "Feature",
   "properties": {
    "project_id": "DESC_30",
    "name": "St George - Sumter 230kV Tie: Rebuild Line from Santee Substation - Duke/Progress Energy Tie",
    "utility": "Dominion Energy South Carolina",
    "type": "substation",
    "endpoint_a": "St George",
    "endpoint_b": "Sumter",
    "in_service_date": "2025-12-31",
    "confidence": "likely",
    "geometry_basis": "straight corridor (endpoint geocode) + 10 km uncertainty buffer (no OSM power=line within 10 km)",
    "geometry_note": "corridor proximity, not surveyed distance",
    "geometry_source": "buffered_estimate",
    "buffer_m": 10000.0,
    "center_lat": 33.541828,
    "center_lon": -80.449815
   },
   "geometry": {
    "type": "LineString",
    "coordinates": [
     [
      -80.5756534,
      33.185995799999986
     ],
     [
      -80.32397610000001,
      33.89766109999999
     ]
    ]
   }
  },
  {
   "type": "Feature",
   "properties": {
    "project_id": "DESC_31",
    "name": "Coit \u2013 Gills Creek 115kV: Construct",
    "utility": "Dominion Energy South Carolina",
    "type": "line",
    "endpoint_a": "Coit",
    "endpoint_b": "Gills Creek",
    "in_service_date": "2024-12-31",
    "confidence": "likely",
    "geometry_basis": "route-aware: corridor snapped to power=line OSM way 185225316 \u00b7 230000 V",
    "geometry_note": "OSM route proxy, not surveyed clearance",
    "geometry_source": "osm_snapped",
    "snap_m": 2512.0,
    "center_lat": 33.948255,
    "center_lon": -81.015377
   },
   "geometry": {
    "type": "LineString",
    "coordinates": [
     [
      -81.0469044,
      33.958346500000005
     ],
     [
      -81.04638240000001,
      33.956722999999975
     ],
     [
      -81.0459511,
      33.95539109999998
     ],
     [
      -81.0455053,
      33.95405619999999
     ],
     [
      -81.0450051,
      33.952591999999996
     ],
     [
      -81.044987,
      33.95146749999999
     ],
     [
      -81.0449326,
      33.94990099999998
     ],
     [
      -81.0450341,
      33.949086199999954
     ],
     [
      -81.0451682,
      33.94811499999999
     ],
     [
      -81.0450884,
      33.946488400000014
     ],
     [
      -81.0450413,
      33.944994
     ],
     [
      -81.0449623,
      33.942656799999995
     ],
     [
      -81.0449264,
      33.9410762
     ],
     [
      -81.04426940000002,
      33.93978249999999
     ],
     [
      -81.0436451,
      33.9384629
     ],
     [
      -81.0428895,
      33.93695339999999
     ],
     [
      -81.0423256,
      33.93586259999999
     ],
     [
      -81.0423564,
      33.93448680000001
     ],
     [
      -81.0418822,
      33.9329111
     ],
     [
      -81.041221,
      33.93053359999999
     ],
     [
      -81.0406904,
      33.9286941
     ],
     [
      -81.0402727,
      33.927214000000006
     ],
     [
      -81.039796,
      33.92551060000001
     ],
     [
      -81.039268,
      33.9236731
     ],
     [
      -81.0387298,
      33.921733500000016
     ],
     [
      -81.0382018,
      33.9199109
     ],
     [
      -81.0376738,
      33.918060499999996
     ],
     [
      -81.0362411,
      33.917701099999974
     ],
     [
      -81.0340267,
      33.9171672
     ],
     [
      -81.03121,
      33.91648449999999
     ],
     [
      -81.0276423,
      33.91564010000002
     ],
     [
      -81.0248051,
      33.91493179999999
     ],
     [
      -81.0217807,
      33.91419170000001
     ],
     [
      -81.0193228,
      33.91357910000001
     ],
     [
      -81.017357,
      33.91311119999999
     ],
     [
      -81.0155758,
      33.91268360000003
     ],
     [
      -81.0132511,
      33.912120000000016
     ],
     [
      -81.0111649,
      33.9116244
     ],
     [
      -81.008953,
      33.9110926
     ],
     [
      -81.0068795,
      33.9105928
     ],
     [
      -81.0044985,
      33.910020599999996
     ],
     [
      -81.0021841,
      33.90946329999998
     ],
     [
      -81.0000953,
      33.908957099999995
     ],
     [
      -80.9980193,
      33.90845289999999
     ],
     [
      -80.9959023,
      33.9079509
     ],
     [
      -80.993693,
      33.907416999999995
     ],
     [
      -80.99327996264411,
      33.90731878626266
     ]
    ]
   }
  },
  {
   "type": "Feature",
   "properties": {
    "project_id": "DESC_2",
    "name": "Hooks - Thurmond 115kV Tie: Rebuild",
    "utility": "Dominion Energy South Carolina",
    "type": "line",
    "endpoint_a": "Hooks Sub",
    "endpoint_b": "Thurmond Sub",
    "in_service_date": "2024-12-31",
    "confidence": "confirmed",
    "geometry_basis": "route-aware: point snapped to power=line OSM way 9142560 \u00b7 115000 V",
    "geometry_note": "OSM route proxy, not surveyed clearance",
    "geometry_source": "osm_snapped",
    "snap_m": 15.4,
    "center_lat": 33.660127,
    "center_lon": -82.195931
   },
   "geometry": {
    "type": "Point",
    "coordinates": [
     -82.19583833495382,
     33.660012555299616
    ]
   }
  },
  {
   "type": "Feature",
   "properties": {
    "project_id": "DESC_32",
    "name": "Batesburg - Saluda County 115kV: Rebuild",
    "utility": "Dominion Energy South Carolina",
    "type": "line",
    "endpoint_a": "Batesburg",
    "endpoint_b": "Saluda County",
    "in_service_date": "2025-12-31",
    "confidence": "likely",
    "geometry_basis": "route-aware: corridor snapped to power=line OSM way 1077146998 \u00b7 115000 V",
    "geometry_note": "OSM route proxy, not surveyed clearance",
    "geometry_source": "osm_snapped",
    "snap_m": 576.8,
    "center_lat": 33.95715,
    "center_lon": -81.655622
   },
   "geometry": {
    "type": "LineString",
    "coordinates": [
     [
      -81.5648991,
      33.913561599999994
     ],
     [
      -81.5650489,
      33.913835500000005
     ],
     [
      -81.5659984,
      33.9144054
     ],
     [
      -81.5670371,
      33.915076
     ],
     [
      -81.5684428,
      33.9157215
     ],
     [
      -81.5692811,
      33.91610560000001
     ],
     [
      -81.5700016,
      33.916436699999984
     ],
     [
      -81.5709646,
      33.916878199999985
     ],
     [
      -81.5723888,
      33.917541799999995
     ],
     [
      -81.5738281,
      33.91819970000002
     ],
     [
      -81.57487690000002,
      33.918680300000005
     ],
     [
      -81.5758584,
      33.91913989999998
     ],
     [
      -81.5767405,
      33.91954919999999
     ],
     [
      -81.5777118,
      33.9199907
     ],
     [
      -81.579003,
      33.9205872
     ],
     [
      -81.58001820000001,
      33.92106769999998
     ],
     [
      -81.5814558,
      33.92172990000001
     ],
     [
      -81.5827016,
      33.922309599999984
     ],
     [
      -81.58413080000001,
      33.9229661
     ],
     [
      -81.5855735,
      33.92364640000002
     ],
     [
      -81.5870179,
      33.9242988
     ],
     [
      -81.5881711,
      33.9248422
     ],
     [
      -81.5891155,
      33.925277999999985
     ],
     [
      -81.5905465,
      33.92593029999997
     ],
     [
      -81.5919774,
      33.9265868
     ],
     [
      -81.5934319,
      33.92727269999998
     ],
     [
      -81.5945598,
      33.9278077
     ],
     [
      -81.5958662,
      33.9283874
     ],
     [
      -81.597292,
      33.92905499999999
     ],
     [
      -81.5984671,
      33.92959279999998
     ],
     [
      -81.5997499,
      33.9301837
     ],
     [
      -81.6011926,
      33.93084849999999
     ],
     [
      -81.60246020000001,
      33.931439399999995
     ],
     [
      -81.6038205,
      33.932035799999994
     ],
     [
      -81.6048406,
      33.9325051
     ],
     [
      -81.6058558,
      33.932950599999984
     ],
     [
      -81.6070005,
      33.933751
     ],
     [
      -81.6078372,
      33.93436140000001
     ],
     [
      -81.6091116,
      33.93522589999998
     ],
     [
      -81.6101469,
      33.9359382
     ],
     [
      -81.6114162,
      33.9368056
     ],
     [
      -81.61283370000001,
      33.9377623
     ],
     [
      -81.61352730000002,
      33.93822599999999
     ],
     [
      -81.6142074,
      33.93873159999998
     ],
     [
      -81.61558110000001,
      33.93967289999999
     ],
     [
      -81.6166315,
      33.94038239999998
     ],
     [
      -81.6184362,
      33.94160579999998
     ],
     [
      -81.6193436,
      33.94222029999999
     ],
     [
      -81.6204799,
      33.94300239999998
     ],
     [
      -81.6216533,
      33.943771899999994
     ],
     [
      -81.6224782,
      33.944361300000004
     ],
     [
      -81.6238535,
      33.9453095
     ],
     [
      -81.6247205,
      33.94589049999998
     ],
     [
      -81.6257609,
      33.94658600000001
     ],
     [
      -81.6267693,
      33.94725630000002
     ],
     [
      -81.6276666,
      33.94787219999999
     ],
     [
      -81.6285015,
      33.948444699999996
     ],
     [
      -81.6291665,
      33.94890559999998
     ],
     [
      -81.63022880000001,
      33.9496136
     ],
     [
      -81.6314358,
      33.950438899999995
     ],
     [
      -81.6326176,
      33.95122090000001
     ],
     [
      -81.6338886,
      33.95209929999999
     ],
     [
      -81.6351983,
      33.952980399999994
     ],
     [
      -81.6364323,
      33.9538266
     ],
     [
      -81.6372302,
      33.954383799999995
     ],
     [
      -81.6378952,
      33.95484600000001
     ],
     [
      -81.6385315,
      33.9552649
     ],
     [
      -81.6393615,
      33.955824899999996
     ],
     [
      -81.6403194,
      33.956481100000005
     ],
     [
      -81.6415618,
      33.957342699999984
     ],
     [
      -81.642821,
      33.95818749999999
     ],
     [
      -81.6438933,
      33.95890379999999
     ],
     [
      -81.6448647,
      33.9595768
     ],
     [
      -81.6457317,
      33.9601842
     ],
     [
      -81.646836,
      33.96091169999999
     ],
     [
      -81.6479791,
      33.96167399999999
     ],
     [
      -81.6489521,
      33.962342900000024
     ],
     [
      -81.6502332,
      33.963216900000006
     ],
     [
      -81.6513796,
      33.9639946
     ],
     [
      -81.65260690000001,
      33.96483520000002
     ],
     [
      -81.6536153,
      33.96553189999997
     ],
     [
      -81.6544418,
      33.966073599999994
     ],
     [
      -81.6555462,
      33.96682330000001
     ],
     [
      -81.65682560000002,
      33.96768760000001
     ],
     [
      -81.65798050000001,
      33.968463899999996
     ],
     [
      -81.6590562,
      33.96921639999999
     ],
     [
      -81.6602935,
      33.9700694
     ],
     [
      -81.661477,
      33.97088059999999
     ],
     [
      -81.66289440000001,
      33.97181459999999
     ],
     [
      -81.6637968,
      33.97275829999999
     ],
     [
      -81.6646301,
      33.9735764
     ],
     [
      -81.6655762,
      33.9745314
     ],
     [
      -81.6665172,
      33.97549600000002
     ],
     [
      -81.6674532,
      33.97644949999998
     ],
     [
      -81.6685155,
      33.9775175
     ],
     [
      -81.6694565,
      33.978462599999986
     ],
     [
      -81.6703168,
      33.97932530000003
     ],
     [
      -81.6713336,
      33.9803583
     ],
     [
      -81.6723992,
      33.98142479999999
     ],
     [
      -81.6733184,
      33.982355900000016
     ],
     [
      -81.6741668,
      33.9832158
     ],
     [
      -81.6748217,
      33.983857899999975
     ],
     [
      -81.675655,
      33.98468710000001
     ],
     [
      -81.6765102,
      33.98553999999999
     ],
     [
      -81.6772745,
      33.9863217
     ],
     [
      -81.6781734,
      33.9872178
     ],
     [
      -81.6791212,
      33.988165599999995
     ],
     [
      -81.6800067,
      33.98907009999999
     ],
     [
      -81.6816515,
      33.989225
     ],
     [
      -81.6831986,
      33.98937019999999
     ],
     [
      -81.6848147,
      33.98952649999998
     ],
     [
      -81.6863197,
      33.9896815
     ],
     [
      -81.6879341,
      33.98984619999998
     ],
     [
      -81.68931960000002,
      33.98997459999997
     ],
     [
      -81.6901344,
      33.990054199999996
     ],
     [
      -81.69137,
      33.99017419999999
     ],
     [
      -81.6929238,
      33.990333299999996
     ],
     [
      -81.6944827,
      33.9904883
     ],
     [
      -81.6959557,
      33.990639
     ],
     [
      -81.6975921,
      33.9907842
     ],
     [
      -81.698954,
      33.990916799999994
     ],
     [
      -81.7002755,
      33.9910563
     ],
     [
      -81.7014068,
      33.991165200000005
     ],
     [
      -81.70294370000002,
      33.99131599999999
     ],
     [
      -81.7045178,
      33.99147649999998
     ],
     [
      -81.7062349,
      33.9916412
     ],
     [
      -81.7072197,
      33.99172909999999
     ],
     [
      -81.7088426,
      33.99187150000001
     ],
     [
      -81.7103678,
      33.99202360000001
     ],
     [
      -81.711696,
      33.992160399999996
     ],
     [
      -81.7130091,
      33.992288800000004
     ],
     [
      -81.7146538,
      33.99244929999999
     ],
     [
      -81.7162986,
      33.99260839999999
     ],
     [
      -81.7176436,
      33.99274800000001
     ],
     [
      -81.7190493,
      33.992898800000006
     ],
     [
      -81.7201032,
      33.992993699999985
     ],
     [
      -81.7217428,
      33.99315279999999
     ],
     [
      -81.7230122,
      33.99327699999999
     ],
     [
      -81.72447,
      33.993416599999996
     ],
     [
      -81.7260491,
      33.9935771
     ],
     [
      -81.7274531,
      33.993718099999995
     ],
     [
      -81.7290911,
      33.9938744
     ],
     [
      -81.7304143,
      33.99400419999999
     ],
     [
      -81.7317156,
      33.994139600000004
     ],
     [
      -81.7333048,
      33.9942931
     ],
     [
      -81.734867,
      33.994449399999986
     ],
     [
      -81.7363013,
      33.9945834
     ],
     [
      -81.7379208,
      33.99474529999999
     ],
     [
      -81.7388871,
      33.99483609999999
     ],
     [
      -81.7400335,
      33.99494769999999
     ],
     [
      -81.7416682,
      33.99511239999999
     ],
     [
      -81.7429981,
      33.99524079999999
     ],
     [
      -81.7445822,
      33.99539849999997
     ],
     [
      -81.7462236,
      33.99555629999999
     ],
     [
      -81.74756140570572,
      33.99568869901405
     ]
    ]
   }
  },
  {
   "type": "Feature",
   "properties": {
    "project_id": "DESC_33",
    "name": "Scout 230 kV Sub and Fold-in: Construct",
    "utility": "Dominion Energy South Carolina",
    "type": "substation",
    "endpoint_a": "Scout",
    "endpoint_b": "",
    "in_service_date": "2026-03-31",
    "confidence": "likely",
    "geometry_basis": "route-aware: point snapped to power=line OSM way 343080302 \u00b7 69000 V",
    "geometry_note": "OSM route proxy, not surveyed clearance",
    "geometry_source": "osm_snapped",
    "snap_m": 865.0,
    "center_lat": 32.359641,
    "center_lon": -80.697607
   },
   "geometry": {
    "type": "Point",
    "coordinates": [
     -80.6966061,
     32.351927899999986
    ]
   }
  },
  {
   "type": "Feature",
   "properties": {
    "project_id": "DESC_34",
    "name": "Dawson 230kV Sub and Fold-in: Construct and Rebuild",
    "utility": "Dominion Energy South Carolina",
    "type": "substation",
    "endpoint_a": "Dawson",
    "endpoint_b": "",
    "in_service_date": "2025-10-01",
    "confidence": "confirmed",
    "geometry_basis": "route-aware: point snapped to power=line OSM way 1037404800 \u00b7 115000 V",
    "geometry_note": "OSM route proxy, not surveyed clearance",
    "geometry_source": "osm_snapped",
    "snap_m": 2.6,
    "center_lat": 34.378118,
    "center_lon": -84.133575
   },
   "geometry": {
    "type": "Point",
    "coordinates": [
     -84.13357535001494,
     34.378095500072305
    ]
   }
  },
  {
   "type": "Feature",
   "properties": {
    "project_id": "DESC_35",
    "name": "Urquhart \u2013 Toolebeck 115kV line: Rebuild",
    "utility": "Dominion Energy South Carolina",
    "type": "line",
    "endpoint_a": "Urquhart",
    "endpoint_b": "Toolebeck",
    "in_service_date": "2026-08-12",
    "confidence": "confirmed",
    "geometry_basis": "route-aware: corridor snapped to power=line OSM way 186511170 \u00b7 Uruquart - Toolebeck 115kV \u00b7 115000 V",
    "geometry_note": "OSM route proxy, not surveyed clearance",
    "geometry_source": "osm_snapped",
    "snap_m": 105.5,
    "center_lat": 33.483897,
    "center_lon": -81.789794
   },
   "geometry": {
    "type": "LineString",
    "coordinates": [
     [
      -81.91066061931217,
      33.43227575806714
     ],
     [
      -81.9099498,
      33.4320566
     ],
     [
      -81.9085986,
      33.431648399999986
     ],
     [
      -81.9073367,
      33.4312481
     ],
     [
      -81.9055179,
      33.430717499999986
     ],
     [
      -81.90312500000002,
      33.429994
     ],
     [
      -81.9024894,
      33.429792899999995
     ],
     [
      -81.9008064,
      33.4292928
     ],
     [
      -81.8987881,
      33.42867969999999
     ],
     [
      -81.8978092,
      33.4297262
     ],
     [
      -81.89654420000001,
      33.43104970000001
     ],
     [
      -81.8954055,
      33.432268400000005
     ],
     [
      -81.8935797,
      33.434186000000004
     ],
     [
      -81.892702,
      33.4351077
     ],
     [
      -81.8917133,
      33.436149400000005
     ],
     [
      -81.8903424,
      33.4361639
     ],
     [
      -81.8886458,
      33.436203799999994
     ],
     [
      -81.8869698,
      33.4362016
     ],
     [
      -81.8844978,
      33.43735949999998
     ],
     [
      -81.8827958,
      33.43813450000001
     ],
     [
      -81.8807938,
      33.43906230000001
     ],
     [
      -81.8786217,
      33.440047500000006
     ],
     [
      -81.8766801,
      33.440935399999994
     ],
     [
      -81.8748868,
      33.44174849999998
     ],
     [
      -81.8729131,
      33.4415367
     ],
     [
      -81.8708448,
      33.44132409999999
     ],
     [
      -81.8682509,
      33.4410454
     ],
     [
      -81.8665095,
      33.4408428
     ],
     [
      -81.8628471,
      33.44044899999998
     ],
     [
      -81.8601174,
      33.440157400000004
     ],
     [
      -81.8572475,
      33.4398508
     ],
     [
      -81.8545245,
      33.43955170000002
     ],
     [
      -81.8518838,
      33.4392767
     ],
     [
      -81.84935,
      33.43899059999999
     ],
     [
      -81.8473484,
      33.4387713
     ],
     [
      -81.8457542,
      33.43859669999999
     ],
     [
      -81.8440933,
      33.438410899999994
     ],
     [
      -81.8415083,
      33.4381452
     ],
     [
      -81.8391571,
      33.43788130000001
     ],
     [
      -81.8370492,
      33.4376534
     ],
     [
      -81.8343943,
      33.43736299999999
     ],
     [
      -81.8315701,
      33.437062299999994
     ],
     [
      -81.8288444,
      33.43676159999999
     ],
     [
      -81.8259278,
      33.43644799999997
     ],
     [
      -81.8224045,
      33.43606509999999
     ],
     [
      -81.8205129,
      33.4358594
     ],
     [
      -81.8177877,
      33.4355613
     ],
     [
      -81.8157088,
      33.43534029999999
     ],
     [
      -81.8129431,
      33.4350396
     ],
     [
      -81.8100049,
      33.434726
     ],
     [
      -81.8085466,
      33.4345487
     ],
     [
      -81.8073481,
      33.435472400000016
     ],
     [
      -81.8059739,
      33.4365047
     ],
     [
      -81.8045714,
      33.4375878
     ],
     [
      -81.8024089,
      33.43914339999998
     ],
     [
      -81.8011565,
      33.440075199999995
     ],
     [
      -81.7999423,
      33.44098529999999
     ],
     [
      -81.7966544,
      33.443435100000016
     ],
     [
      -81.7933885,
      33.445876299999995
     ],
     [
      -81.7919163,
      33.44688479999999
     ],
     [
      -81.7907251,
      33.4478079
     ],
     [
      -81.7895099,
      33.44872190000001
     ],
     [
      -81.7883295,
      33.44958679999999
     ],
     [
      -81.7863673,
      33.45102780000002
     ],
     [
      -81.7842549,
      33.45260859999999
     ],
     [
      -81.7831964,
      33.4533936
     ],
     [
      -81.7819163,
      33.454239499999986
     ],
     [
      -81.77971290000002,
      33.455963799999985
     ],
     [
      -81.7787175,
      33.45666219999999
     ],
     [
      -81.7773486,
      33.45771209999999
     ],
     [
      -81.7759076,
      33.458761200000005
     ],
     [
      -81.7740275,
      33.460163800000004
     ],
     [
      -81.7725688,
      33.461262600000005
     ],
     [
      -81.7706676,
      33.462706999999995
     ],
     [
      -81.7678757,
      33.46432399999998
     ],
     [
      -81.76620530000001,
      33.46533769999999
     ],
     [
      -81.7648395,
      33.466126900000006
     ],
     [
      -81.763774,
      33.4667624
     ],
     [
      -81.7610091,
      33.46843159999998
     ],
     [
      -81.7581998,
      33.47009199999999
     ],
     [
      -81.7571261,
      33.47069879999997
     ],
     [
      -81.7561243,
      33.471579899999995
     ],
     [
      -81.7548416,
      33.47266439999999
     ],
     [
      -81.75345,
      33.47389969999999
     ],
     [
      -81.7516864,
      33.47534520000001
     ],
     [
      -81.7504706,
      33.47637189999998
     ],
     [
      -81.74895290000002,
      33.477717999999996
     ],
     [
      -81.7471497,
      33.47920390000002
     ],
     [
      -81.7457581,
      33.4803719
     ],
     [
      -81.7434,
      33.482376500000015
     ],
     [
      -81.7414084,
      33.484066299999995
     ],
     [
      -81.7403103,
      33.48502919999999
     ],
     [
      -81.73974880000002,
      33.485365499999986
     ],
     [
      -81.7380591,
      33.486442800000006
     ],
     [
      -81.7364735,
      33.48744199999999
     ],
     [
      -81.7335045,
      33.4893308
     ],
     [
      -81.7321293,
      33.490204899999995
     ],
     [
      -81.7310147,
      33.49090690000001
     ],
     [
      -81.7284957,
      33.49256279999999
     ],
     [
      -81.72669130000001,
      33.49368179999999
     ],
     [
      -81.7257153,
      33.4943031
     ],
     [
      -81.7247724,
      33.49490329999998
     ],
     [
      -81.7224722,
      33.49632279999999
     ],
     [
      -81.7214492,
      33.497000400000005
     ],
     [
      -81.71971150000002,
      33.498119399999986
     ],
     [
      -81.7169842,
      33.499842900000004
     ],
     [
      -81.7158112,
      33.500589999999974
     ],
     [
      -81.713636,
      33.50197639999998
     ],
     [
      -81.7107065,
      33.50381980000001
     ],
     [
      -81.7098919,
      33.504337500000005
     ],
     [
      -81.7091106,
      33.5048344
     ],
     [
      -81.7086209,
      33.5051506
     ],
     [
      -81.70654390000001,
      33.50647159999999
     ],
     [
      -81.7043776,
      33.507837799999976
     ],
     [
      -81.7027432,
      33.50886409999999
     ],
     [
      -81.7017931,
      33.509440500000004
     ],
     [
      -81.6996958,
      33.51079390000002
     ],
     [
      -81.6983325,
      33.511653700000004
     ],
     [
      -81.6962171,
      33.5127259
     ],
     [
      -81.693474,
      33.5140784
     ],
     [
      -81.6925802,
      33.51500309999997
     ],
     [
      -81.6915426,
      33.51596669999999
     ],
     [
      -81.6901669,
      33.517333
     ],
     [
      -81.688602,
      33.518832599999996
     ],
     [
      -81.6867593,
      33.520643199999995
     ],
     [
      -81.6858789,
      33.5214995
     ],
     [
      -81.6841508,
      33.5231543
     ],
     [
      -81.6826998,
      33.52462220000002
     ],
     [
      -81.6810001,
      33.5262854
     ],
     [
      -81.6795247,
      33.52771069999999
     ],
     [
      -81.67821190000001,
      33.52899529999999
     ],
     [
      -81.6765794,
      33.53008199999999
     ],
     [
      -81.6751362,
      33.531039099999994
     ],
     [
      -81.6733063,
      33.5322554
     ],
     [
      -81.6721442,
      33.533037999999976
     ],
     [
      -81.6706852,
      33.534021100000004
     ],
     [
      -81.6693191,
      33.53348690000001
     ],
     [
      -81.6688194,
      33.5339608
     ]
    ]
   }
  },
  {
   "type": "Feature",
   "properties": {
    "project_id": "DESC_36",
    "name": "Williams-Summerville 230kV: Upgrade to SPDC B1272 ACSR",
    "utility": "Dominion Energy South Carolina",
    "type": "line",
    "endpoint_a": "Williams",
    "endpoint_b": "Summerville",
    "in_service_date": "2027-05-01",
    "confidence": "confirmed",
    "geometry_basis": "straight corridor (endpoint geocode) + 10 km uncertainty buffer (no OSM power=line within 10 km)",
    "geometry_note": "corridor proximity, not surveyed distance",
    "geometry_source": "buffered_estimate",
    "buffer_m": 10000.0,
    "center_lat": 33.744806,
    "center_lon": -82.634848
   },
   "geometry": {
    "type": "LineString",
    "coordinates": [
     [
      -79.93216785,
      33.01769850000001
     ],
     [
      -85.3375288,
      34.47191444999999
     ]
    ]
   }
  },
  {
   "type": "Feature",
   "properties": {
    "project_id": "DESC_37",
    "name": "Cainhoy 115 kV Tap: Construct",
    "utility": "Dominion Energy South Carolina",
    "type": "line",
    "endpoint_a": "Cainhoy",
    "endpoint_b": "",
    "in_service_date": "2027-12-31",
    "confidence": "confirmed",
    "geometry_basis": "route-aware: point snapped to power=line OSM way 1065541598 \u00b7 115000 V",
    "geometry_note": "OSM route proxy, not surveyed clearance",
    "geometry_source": "osm_snapped",
    "snap_m": 25.5,
    "center_lat": 32.941402,
    "center_lon": -79.842276
   },
   "geometry": {
    "type": "Point",
    "coordinates": [
     -79.84217387673807,
     32.941189747738385
    ]
   }
  },
  {
   "type": "Feature",
   "properties": {
    "project_id": "DESC_38",
    "name": "Jack Primus 115 kV Tap: Construct",
    "utility": "Dominion Energy South Carolina",
    "type": "line",
    "endpoint_a": "Jack Primus",
    "endpoint_b": "",
    "in_service_date": "2027-12-31",
    "confidence": "confirmed",
    "geometry_basis": "route-aware: point snapped to power=line OSM way 1097237380 \u00b7 115000 V",
    "geometry_note": "OSM route proxy, not surveyed clearance",
    "geometry_source": "osm_snapped",
    "snap_m": 3.2,
    "center_lat": 32.919444,
    "center_lon": -79.904602
   },
   "geometry": {
    "type": "Point",
    "coordinates": [
     -79.9046316,
     32.9194593
    ]
   }
  },
  {
   "type": "Feature",
   "properties": {
    "project_id": "DESC_39",
    "name": "Church Creek \u2013 Faber Place \u2013 Charleston Transmission: Add 230kV Line",
    "utility": "Dominion Energy South Carolina",
    "type": "line",
    "endpoint_a": "Church Creek",
    "endpoint_b": "Faber Place",
    "in_service_date": "2027-05-01",
    "confidence": "likely",
    "geometry_basis": "route-aware: corridor snapped to power=line OSM way 56392640 \u00b7 230000;115000 V",
    "geometry_note": "OSM route proxy, not surveyed clearance",
    "geometry_source": "osm_snapped",
    "snap_m": 254.1,
    "center_lat": 32.8402,
    "center_lon": -80.042452
   },
   "geometry": {
    "type": "LineString",
    "coordinates": [
     [
      -80.0694649,
      32.83079679999997
     ],
     [
      -80.0691247,
      32.830886899999996
     ],
     [
      -80.067836,
      32.830954199999994
     ],
     [
      -80.0666581,
      32.83097600000001
     ],
     [
      -80.0656858,
      32.8310087
     ],
     [
      -80.0643226,
      32.83103179999999
     ],
     [
      -80.0629869,
      32.83105879999997
     ],
     [
      -80.0617369,
      32.83112189999998
     ],
     [
      -80.0604441,
      32.831180499999995
     ],
     [
      -80.0600579,
      32.83169889999999
     ],
     [
      -80.0595017,
      32.8324309
     ],
     [
      -80.0588777,
      32.83328549999998
     ],
     [
      -80.0582554,
      32.834187000000014
     ],
     [
      -80.0576332,
      32.83509749999999
     ],
     [
      -80.0570323,
      32.83599899999998
     ],
     [
      -80.0561419,
      32.83730159999999
     ],
     [
      -80.05528350000002,
      32.8385817
     ],
     [
      -80.0544521,
      32.839848200000006
     ],
     [
      -80.0539639,
      32.84055579999998
     ],
     [
      -80.0529715,
      32.84195750000001
     ],
     [
      -80.0521507,
      32.84326449999998
     ],
     [
      -80.0513943,
      32.84425600000001
     ],
     [
      -80.0507667,
      32.84497709999997
     ],
     [
      -80.0498065,
      32.846148899999996
     ],
     [
      -80.0475695,
      32.847257600000006
     ],
     [
      -80.0461479,
      32.847992199999986
     ],
     [
      -80.0447961,
      32.848762799999996
     ],
     [
      -80.04259130000001,
      32.84989399999998
     ],
     [
      -80.0405958,
      32.85085389999998
     ],
     [
      -80.0393405,
      32.850772799999994
     ],
     [
      -80.0379565,
      32.850669100000005
     ],
     [
      -80.0365564,
      32.8505925
     ],
     [
      -80.0353118,
      32.85048429999997
     ],
     [
      -80.0327423,
      32.8503086
     ],
     [
      -80.0311973,
      32.8502004
     ],
     [
      -80.0298348,
      32.850096799999996
     ],
     [
      -80.02844000000002,
      32.85000660000001
     ],
     [
      -80.026997,
      32.84990299999998
     ],
     [
      -80.0251623,
      32.84978129999999
     ],
     [
      -80.0238427,
      32.84967319999999
     ],
     [
      -80.0221744,
      32.849542500000005
     ],
     [
      -80.0191114,
      32.849298599999976
     ],
     [
      -80.01713420000002,
      32.849183599999996
     ]
    ]
   }
  },
  {
   "type": "Feature",
   "properties": {
    "project_id": "DESC_40",
    "name": "Eastover \u2013 Sumter 115kV DEP Tie: Rebuild with 1272 ACSR",
    "utility": "Dominion Energy South Carolina",
    "type": "line",
    "endpoint_a": "Eastover",
    "endpoint_b": "Sumter",
    "in_service_date": "2026-05-31",
    "confidence": "confirmed",
    "geometry_basis": "route-aware: corridor snapped to power=line OSM way 185032921 \u00b7 115000 V",
    "geometry_note": "OSM route proxy, not surveyed clearance",
    "geometry_source": "osm_snapped",
    "snap_m": 8125.5,
    "center_lat": 33.892615,
    "center_lon": -80.482928
   },
   "geometry": {
    "type": "LineString",
    "coordinates": [
     [
      -80.63971820323815,
      33.900248933382876
     ],
     [
      -80.6372559,
      33.89996549999999
     ],
     [
      -80.635668,
      33.899782900000005
     ],
     [
      -80.6344047,
      33.899609300000016
     ],
     [
      -80.63207660000002,
      33.899328799999985
     ],
     [
      -80.6307596,
      33.8991462
     ],
     [
      -80.6290913,
      33.898972500000006
     ],
     [
      -80.6281552,
      33.89897249999999
     ],
     [
      -80.6268355,
      33.89899039999999
     ],
     [
      -80.6249741,
      33.898994800000004
     ],
     [
      -80.622831,
      33.898992599999964
     ],
     [
      -80.6209615,
      33.898994800000004
     ],
     [
      -80.618982,
      33.89900149999998
     ],
     [
      -80.6169033,
      33.89901040000001
     ],
     [
      -80.6148434,
      33.89901040000001
     ],
     [
      -80.61241060000002,
      33.89899479999998
     ],
     [
      -80.6100154,
      33.8990193
     ],
     [
      -80.6076014,
      33.89903269999999
     ],
     [
      -80.6053644,
      33.899026000000006
     ],
     [
      -80.602937,
      33.899028199999975
     ],
     [
      -80.6005392,
      33.899037099999994
     ],
     [
      -80.5981413,
      33.89904599999998
     ],
     [
      -80.5960089,
      33.89905270000001
     ],
     [
      -80.5935654,
      33.89906159999999
     ],
     [
      -80.5911702,
      33.8990505
     ],
     [
      -80.5887589,
      33.899045999999956
     ],
     [
      -80.5864173,
      33.89906159999999
     ],
     [
      -80.583947,
      33.8990638
     ],
     [
      -80.5814928,
      33.899081599999995
     ],
     [
      -80.5791083,
      33.89907719999999
     ],
     [
      -80.5768365,
      33.8990883
     ],
     [
      -80.5744413,
      33.89907500000001
     ],
     [
      -80.5719897,
      33.89906829999997
     ],
     [
      -80.5696026,
      33.89908609999999
     ],
     [
      -80.5673119,
      33.899083899999994
     ],
     [
      -80.5650803,
      33.89909049999999
     ],
     [
      -80.5622801,
      33.89909279999999
     ],
     [
      -80.5601518,
      33.89910389999999
     ],
     [
      -80.5579148,
      33.89911610000001
     ],
     [
      -80.5571383,
      33.89911839999997
     ],
     [
      -80.5553091,
      33.899123900000006
     ],
     [
      -80.5534731,
      33.89913949999999
     ],
     [
      -80.5514252,
      33.899144
     ],
     [
      -80.5500211,
      33.899161799999995
     ],
     [
      -80.5491132,
      33.89913949999999
     ],
     [
      -80.5476004,
      33.89911730000001
     ],
     [
      -80.5468145,
      33.89910609999999
     ],
     [
      -80.5446687,
      33.8990683
     ],
     [
      -80.5426893,
      33.8990349
     ],
     [
      -80.5407098,
      33.8989926
     ],
     [
      -80.5388242,
      33.89895699999999
     ],
     [
      -80.5364209,
      33.89891690000002
     ],
     [
      -80.5347607,
      33.89889019999998
     ],
     [
      -80.5327705,
      33.89885679999999
     ],
     [
      -80.5317298,
      33.89883449999998
     ],
     [
      -80.5299327,
      33.89879889999998
     ],
     [
      -80.5284923,
      33.8987755
     ],
     [
      -80.5268428,
      33.89875879999998
     ],
     [
      -80.5248673,
      33.89873319999999
     ],
     [
      -80.523199,
      33.89870430000001
     ],
     [
      -80.521237,
      33.898666399999996
     ],
     [
      -80.5192749,
      33.898633
     ],
     [
      -80.5178118,
      33.89858739999999
     ],
     [
      -80.5176441,
      33.89857959999999
     ],
     [
      -80.5164047,
      33.898524900000005
     ],
     [
      -80.5163071,
      33.8985206
     ],
     [
      -80.5145864,
      33.89845270000001
     ],
     [
      -80.5144376,
      33.898446000000014
     ],
     [
      -80.5142931,
      33.8984408
     ],
     [
      -80.5126914,
      33.898382599999984
     ],
     [
      -80.5113772,
      33.898325799999974
     ],
     [
      -80.5095492,
      33.89825679999998
     ],
     [
      -80.5077508,
      33.89818779999999
     ],
     [
      -80.50594030000002,
      33.898127699999996
     ],
     [
      -80.5041406,
      33.898061999999996
     ],
     [
      -80.5021638,
      33.89798289999999
     ],
     [
      -80.5003439,
      33.897996299999996
     ],
     [
      -80.4987681,
      33.8980019
     ],
     [
      -80.4966572,
      33.8980163
     ],
     [
      -80.495241,
      33.8980219
     ],
     [
      -80.493633,
      33.89803079999999
     ],
     [
      -80.4919593,
      33.89803639999999
     ],
     [
      -80.4902387,
      33.89804860000001
     ],
     [
      -80.4886723,
      33.898061999999996
     ],
     [
      -80.4874197,
      33.8980653
     ],
     [
      -80.4858184,
      33.898068699999996
     ],
     [
      -80.48494940000002,
      33.8972783
     ],
     [
      -80.48372090000001,
      33.89615619999999
     ],
     [
      -80.4810534,
      33.89609499999999
     ],
     [
      -80.4780252,
      33.89602880000001
     ],
     [
      -80.47655,
      33.89596919999999
     ],
     [
      -80.4735848,
      33.895880199999986
     ],
     [
      -80.4722652,
      33.89584339999998
     ],
     [
      -80.46976,
      33.89577779999998
     ],
     [
      -80.4683451,
      33.89573879999999
     ],
     [
      -80.4647295,
      33.89563969999999
     ],
     [
      -80.4623531,
      33.8955685
     ],
     [
      -80.4577424,
      33.895443799999974
     ],
     [
      -80.4563235,
      33.89543930000001
     ],
     [
      -80.4531424,
      33.89534249999999
     ],
     [
      -80.4516967,
      33.895271199999996
     ],
     [
      -80.4493739,
      33.895214499999994
     ],
     [
      -80.447605,
      33.895175500000015
     ],
     [
      -80.4458468,
      33.895133200000004
     ],
     [
      -80.4441851,
      33.89507309999998
     ],
     [
      -80.4426093,
      33.89502409999998
     ],
     [
      -80.4396844,
      33.8949807
     ],
     [
      -80.43645230000001,
      33.894858299999996
     ],
     [
      -80.43476520000002,
      33.89482259999998
     ],
     [
      -80.43307270000001,
      33.89476249999999
     ],
     [
      -80.4313374,
      33.89472469999999
     ],
     [
      -80.4298058,
      33.89467570000001
     ],
     [
      -80.4280275,
      33.8946334
     ],
     [
      -80.4260695,
      33.8945733
     ],
     [
      -80.4244119,
      33.89453319999999
     ],
     [
      -80.4229501,
      33.894486399999984
     ],
     [
      -80.4214937,
      33.894448600000004
     ],
     [
      -80.4202491,
      33.89442189999999
     ],
     [
      -80.4187444,
      33.89437740000002
     ],
     [
      -80.4172799,
      33.894154699999994
     ],
     [
      -80.4156894,
      33.89389419999998
     ],
     [
      -80.4140311,
      33.89362599999999
     ],
     [
      -80.4123174,
      33.893353400000024
     ]
    ]
   }
  },
  {
   "type": "Feature",
   "properties": {
    "project_id": "DESC_41",
    "name": "Cameron Jct \u2013 Elloree 46 kV Rebuild",
    "utility": "Dominion Energy South Carolina",
    "type": "line",
    "endpoint_a": "Cameron Jct",
    "endpoint_b": "Elloree",
    "in_service_date": "2026-12-31",
    "confidence": "unconfirmed",
    "geometry_basis": "straight corridor (endpoint geocode) + 10 km uncertainty buffer (no OSM power=line within 10 km)",
    "geometry_note": "corridor proximity, not surveyed distance",
    "geometry_source": "buffered_estimate",
    "buffer_m": 10000.0,
    "center_lat": 36.635593,
    "center_lon": -87.42403
   },
   "geometry": {
    "type": "LineString",
    "coordinates": [
     [
      -94.26833560000001,
      39.73880079999999
     ],
     [
      -80.57972450000001,
      33.5323844
     ]
    ]
   }
  },
  {
   "type": "Feature",
   "properties": {
    "project_id": "DESC_42",
    "name": "Elloree \u2013 Santee City 46 kV: Rebuild",
    "utility": "Dominion Energy South Carolina",
    "type": "line",
    "endpoint_a": "Elloree",
    "endpoint_b": "Santee City",
    "in_service_date": "2027-12-31",
    "confidence": "likely",
    "geometry_basis": "straight corridor (endpoint geocode) + 10 km uncertainty buffer (no OSM power=line within 10 km)",
    "geometry_note": "corridor proximity, not surveyed distance",
    "geometry_source": "buffered_estimate",
    "buffer_m": 10000.0,
    "center_lat": 33.562093,
    "center_lon": -79.800075
   },
   "geometry": {
    "type": "LineString",
    "coordinates": [
     [
      -80.57972450000001,
      33.5323844
     ],
     [
      -79.0204265,
      33.59180210000002
     ]
    ]
   }
  },
  {
   "type": "Feature",
   "properties": {
    "project_id": "DESC_43",
    "name": "Urquhart \u2013 Aiken PSA 46 kV: Rebuild",
    "utility": "Dominion Energy South Carolina",
    "type": "line",
    "endpoint_a": "Urquhart",
    "endpoint_b": "Aiken PSA",
    "in_service_date": "2027-12-31",
    "confidence": "likely",
    "geometry_basis": "route-aware: corridor snapped to power=line OSM way 380849145 \u00b7 115000 V",
    "geometry_note": "OSM route proxy, not surveyed clearance",
    "geometry_source": "osm_snapped",
    "snap_m": 962.0,
    "center_lat": 33.451331,
    "center_lon": -81.911567
   },
   "geometry": {
    "type": "LineString",
    "coordinates": [
     [
      -81.9099014,
      33.43897900000001
     ],
     [
      -81.9100615,
      33.439855799999975
     ],
     [
      -81.9101208,
      33.440220299999986
     ],
     [
      -81.9102109,
      33.44078290000001
     ],
     [
      -81.9103594,
      33.441661599999996
     ],
     [
      -81.9109238,
      33.44277950000001
     ],
     [
      -81.9116051,
      33.444110199999976
     ],
     [
      -81.9124442,
      33.44577499999999
     ],
     [
      -81.9129221,
      33.446784099999974
     ],
     [
      -81.9139599,
      33.44889699999998
     ],
     [
      -81.9151374,
      33.451255500000016
     ],
     [
      -81.9159658,
      33.45295699999999
     ],
     [
      -81.9167184,
      33.454506399999985
     ],
     [
      -81.9174634,
      33.45602430000001
     ],
     [
      -81.9182478,
      33.45762179999999
     ],
     [
      -81.9189655,
      33.459035699999994
     ],
     [
      -81.9197651,
      33.46065850000001
     ],
     [
      -81.9202278,
      33.46161680000002
     ],
     [
      -81.9209455,
      33.46304960000002
     ],
     [
      -81.9215828,
      33.46438119999999
     ],
     [
      -81.9223278,
      33.465849499999976
     ],
     [
      -81.92253345950583,
      33.466269742218195
     ]
    ]
   }
  },
  {
   "type": "Feature",
   "properties": {
    "project_id": "DESC_44",
    "name": "Cameron Jct \u2013 Cameron \u2013 St Matthews 46 kV Rebuild",
    "utility": "Dominion Energy South Carolina",
    "type": "line",
    "endpoint_a": "Cameron Jct",
    "endpoint_b": "Cameron",
    "in_service_date": "2028-12-31",
    "confidence": "unconfirmed",
    "geometry_basis": "straight corridor (endpoint geocode) + 10 km uncertainty buffer (no OSM power=line within 10 km)",
    "geometry_note": "corridor proximity, not surveyed distance",
    "geometry_source": "buffered_estimate",
    "buffer_m": 10000.0,
    "center_lat": 36.651234,
    "center_lon": -87.488666
   },
   "geometry": {
    "type": "LineString",
    "coordinates": [
     [
      -94.26833560000001,
      39.73880079999999
     ],
     [
      -80.70899589999999,
      33.56366635000002
     ]
    ]
   }
  },
  {
   "type": "Feature",
   "properties": {
    "project_id": "GPC_4",
    "name": "MITCHELL - NORTH TIFTON 230KV RECONDUCTOR",
    "utility": "Georgia Power",
    "type": "line",
    "endpoint_a": "Mitchell Substation",
    "endpoint_b": "North Tifton Substation",
    "in_service_date": "2025-05-01",
    "confidence": "confirmed",
    "geometry_basis": "route-aware: corridor snapped to power=line OSM way 9483744 \u00b7 230000 V",
    "geometry_note": "OSM route proxy, not surveyed clearance",
    "geometry_source": "osm_snapped",
    "snap_m": 190.0,
    "center_lat": 31.462605,
    "center_lon": -83.841487
   },
   "geometry": {
    "type": "LineString",
    "coordinates": [
     [
      -84.133557,
      31.447257199999974
     ],
     [
      -84.1323522,
      31.447251700000002
     ],
     [
      -84.1323619,
      31.44534239999999
     ],
     [
      -84.1323425,
      31.443963599999993
     ],
     [
      -84.1299804,
      31.44395619999998
     ],
     [
      -84.127431,
      31.44358659999997
     ],
     [
      -84.1258116,
      31.443351599999986
     ],
     [
      -84.1211305,
      31.4433979
     ],
     [
      -84.1166507,
      31.443443399999996
     ],
     [
      -84.1141814,
      31.44342689999998
     ],
     [
      -84.1095883,
      31.44420799999999
     ],
     [
      -84.104764,
      31.444982099999987
     ],
     [
      -84.1000056,
      31.445739299999985
     ],
     [
      -84.0952088,
      31.44651840000001
     ],
     [
      -84.0906101,
      31.447256699999983
     ],
     [
      -84.0856979,
      31.448054999999997
     ],
     [
      -84.0811074,
      31.448816700000002
     ],
     [
      -84.0766487,
      31.44885930000001
     ],
     [
      -84.0724873,
      31.448904699999986
     ],
     [
      -84.0681517,
      31.448967200000006
     ],
     [
      -84.0637352,
      31.449105699999986
     ],
     [
      -84.0588721,
      31.449089499999978
     ],
     [
      -84.0541561,
      31.4491424
     ],
     [
      -84.0493603,
      31.4491953
     ],
     [
      -84.0442152,
      31.44926360000001
     ],
     [
      -84.0398753,
      31.449308999999985
     ],
     [
      -84.0352481,
      31.44937090000002
     ],
     [
      -84.0306404,
      31.449431099999984
     ],
     [
      -84.0258025,
      31.449484500000008
     ],
     [
      -84.0202024,
      31.449555399999998
     ],
     [
      -84.0156466,
      31.449615799999982
     ],
     [
      -84.0121387,
      31.449652400000012
     ],
     [
      -84.0074237,
      31.449699399999982
     ],
     [
      -84.0024976,
      31.449764699999985
     ],
     [
      -83.9972716,
      31.4497438
     ],
     [
      -83.9955368,
      31.449717699999983
     ],
     [
      -83.9930248,
      31.449728100000005
     ],
     [
      -83.9891242,
      31.449713999999986
     ],
     [
      -83.9839576,
      31.449632800000007
     ],
     [
      -83.9799075,
      31.4496328
     ],
     [
      -83.9751131,
      31.449592200000016
     ],
     [
      -83.9705671,
      31.44952849999999
     ],
     [
      -83.9656509,
      31.44994629999998
     ],
     [
      -83.9610438,
      31.449905599999976
     ],
     [
      -83.9563226,
      31.449863899999997
     ],
     [
      -83.9513096,
      31.449836299999998
     ],
     [
      -83.9481335,
      31.449749499999992
     ],
     [
      -83.9458813,
      31.449751199999987
     ],
     [
      -83.9419218,
      31.448778299999987
     ],
     [
      -83.9380146,
      31.447809899999985
     ],
     [
      -83.9346917,
      31.447770699999985
     ],
     [
      -83.9311272,
      31.44770289999999
     ],
     [
      -83.9276524,
      31.447622500000012
     ],
     [
      -83.92402860000001,
      31.447561999999987
     ],
     [
      -83.9192818,
      31.44748449999999
     ],
     [
      -83.9149721,
      31.4473922
     ],
     [
      -83.9098401,
      31.447303600000005
     ],
     [
      -83.9057424,
      31.447226099999998
     ],
     [
      -83.9009437,
      31.447133799999992
     ],
     [
      -83.8956906,
      31.4470452
     ],
     [
      -83.8911255,
      31.446971300000005
     ],
     [
      -83.8858508,
      31.446849499999995
     ],
     [
      -83.8805978,
      31.446731400000015
     ],
     [
      -83.8771274,
      31.4466391
     ],
     [
      -83.8728696,
      31.446528399999988
     ],
     [
      -83.8678242,
      31.44636959999999
     ],
     [
      -83.8627789,
      31.446181400000007
     ],
     [
      -83.858374,
      31.44601590000001
     ],
     [
      -83.8530134,
      31.445794000000006
     ],
     [
      -83.8484773,
      31.445685700000006
     ],
     [
      -83.8444525,
      31.44558539999999
     ],
     [
      -83.8407852,
      31.44548869999997
     ],
     [
      -83.8362629,
      31.445371199999997
     ],
     [
      -83.831551,
      31.4452642
     ],
     [
      -83.82563960000002,
      31.445110200000002
     ],
     [
      -83.8207166,
      31.44497179999998
     ],
     [
      -83.8166625,
      31.444869999999998
     ],
     [
      -83.8124309,
      31.444765600000004
     ],
     [
      -83.8068775,
      31.444624599999997
     ],
     [
      -83.80156890000002,
      31.444494099999986
     ],
     [
      -83.7966892,
      31.444360799999995
     ],
     [
      -83.7921608,
      31.444245900000002
     ],
     [
      -83.7863565,
      31.4440893
     ],
     [
      -83.7813753,
      31.443804800000002
     ],
     [
      -83.7767797,
      31.443535899999993
     ],
     [
      -83.7729617,
      31.4433166
     ],
     [
      -83.7676186,
      31.44299729999999
     ],
     [
      -83.7634906,
      31.442753599999993
     ],
     [
      -83.7582678,
      31.4424878
     ],
     [
      -83.7537028,
      31.44226260000001
     ],
     [
      -83.7491896,
      31.442140799999994
     ],
     [
      -83.7444861,
      31.4420153
     ],
     [
      -83.739709,
      31.4417163
     ],
     [
      -83.7358709,
      31.441494799999997
     ],
     [
      -83.7319424,
      31.441235300000006
     ],
     [
      -83.7267069,
      31.44090479999998
     ],
     [
      -83.7226134,
      31.440649099999998
     ],
     [
      -83.7184957,
      31.440393399999998
     ],
     [
      -83.7147473,
      31.440253700000003
     ],
     [
      -83.7107294,
      31.440097999999985
     ],
     [
      -83.7064792,
      31.43993819999999
     ],
     [
      -83.7024085,
      31.439794100000007
     ],
     [
      -83.6973794,
      31.4394985
     ],
     [
      -83.6930182,
      31.43924359999998
     ],
     [
      -83.6890166,
      31.4390124
     ],
     [
      -83.6840324,
      31.438721899999983
     ],
     [
      -83.6785865,
      31.4383803
     ],
     [
      -83.6747419,
      31.43930289999999
     ],
     [
      -83.6693892,
      31.440542099999963
     ],
     [
      -83.6649519,
      31.44157120000001
     ],
     [
      -83.6611229,
      31.4423119
     ],
     [
      -83.6569637,
      31.443156899999988
     ],
     [
      -83.6533894,
      31.443882099999996
     ],
     [
      -83.6489573,
      31.44478029999999
     ],
     [
      -83.6447903,
      31.445611900000007
     ],
     [
      -83.64033740000002,
      31.446523399999993
     ],
     [
      -83.6370049,
      31.4471909
     ],
     [
      -83.6325049,
      31.448048300000014
     ],
     [
      -83.6279317,
      31.448916099999977
     ],
     [
      -83.6236867,
      31.449726200000004
     ],
     [
      -83.6196218,
      31.45050829999999
     ],
     [
      -83.6150228,
      31.451376999999997
     ],
     [
      -83.6119936,
      31.452013600000004
     ],
     [
      -83.6073101,
      31.452982699999993
     ],
     [
      -83.603196,
      31.45383259999999
     ],
     [
      -83.5995359,
      31.45458679999997
     ],
     [
      -83.5958977,
      31.455321299999994
     ],
     [
      -83.5924977,
      31.4573728
     ],
     [
      -83.5891693,
      31.45937920000001
     ],
     [
      -83.5864283,
      31.461035900000006
     ],
     [
      -83.5837215,
      31.46265379999998
     ],
     [
      -83.57934340000001,
      31.46530269999999
     ],
     [
      -83.5754054,
      31.467694700000017
     ],
     [
      -83.571692,
      31.469944199999997
     ],
     [
      -83.5673998,
      31.472598299999987
     ],
     [
      -83.5638242,
      31.474804000000002
     ],
     [
      -83.5591929,
      31.474989499999992
     ],
     [
      -83.5540818,
      31.47522379999998
     ],
     [
      -83.5514864,
      31.475347700000004
     ],
     [
      -83.5514877,
      31.476341200000007
     ],
     [
      -83.5491623,
      31.4763827
     ]
    ]
   }
  },
  {
   "type": "Feature",
   "properties": {
    "project_id": "GPC_6",
    "name": "ADAMSVILLE - JACK MCDONOUGH 230KV LINE REBUILD",
    "utility": "Georgia Power",
    "type": "line",
    "endpoint_a": "ADAMSVILLE",
    "endpoint_b": "JACK MCDONOUGH",
    "in_service_date": "2025-06-01",
    "confidence": "likely",
    "geometry_basis": "route-aware: corridor snapped to power=line OSM way 180059927 \u00b7 230000 V",
    "geometry_note": "OSM route proxy, not surveyed clearance",
    "geometry_source": "osm_snapped",
    "snap_m": 946.4,
    "center_lat": 33.791056,
    "center_lon": -84.490994
   },
   "geometry": {
    "type": "LineString",
    "coordinates": [
     [
      -84.49565037730261,
      33.756139587107604
     ],
     [
      -84.4954252,
      33.756605
     ],
     [
      -84.4949672,
      33.757568299999996
     ],
     [
      -84.49441730000001,
      33.760695899999995
     ],
     [
      -84.4944476,
      33.76321049999999
     ],
     [
      -84.4959919,
      33.7651444
     ],
     [
      -84.4961538,
      33.7669948
     ],
     [
      -84.4963871,
      33.769459299999994
     ],
     [
      -84.4966451,
      33.77193669999996
     ],
     [
      -84.49774830000001,
      33.77515049999999
     ],
     [
      -84.49882770000002,
      33.77824559999998
     ],
     [
      -84.4998562,
      33.7806551
     ],
     [
      -84.500653,
      33.7826217
     ],
     [
      -84.5016194,
      33.784872699999994
     ],
     [
      -84.5023832,
      33.78651469999999
     ],
     [
      -84.5032678,
      33.78856619999998
     ],
     [
      -84.5046971,
      33.79192629999997
     ],
     [
      -84.504669,
      33.793693699999984
     ],
     [
      -84.5046473,
      33.79504819999998
     ],
     [
      -84.50448700000001,
      33.79907370000001
     ],
     [
      -84.5043591,
      33.801945199999984
     ],
     [
      -84.50422380000002,
      33.80532579999999
     ],
     [
      -84.5013423,
      33.807889299999985
     ],
     [
      -84.499149,
      33.80980129999999
     ],
     [
      -84.4955916,
      33.812765199999994
     ],
     [
      -84.493683,
      33.814355299999995
     ],
     [
      -84.4903837,
      33.81707039999999
     ],
     [
      -84.4866576,
      33.82014749999998
     ],
     [
      -84.484372,
      33.82204179999999
     ],
     [
      -84.479264,
      33.821851
     ]
    ]
   }
  },
  {
   "type": "Feature",
   "properties": {
    "project_id": "GPC_7",
    "name": "ECHECONNEE-WELLSTON 115KV REBUILD",
    "utility": "Georgia Power",
    "type": "line",
    "endpoint_a": "ECHECONNEE-WELLSTON",
    "endpoint_b": "",
    "in_service_date": "2025-06-01",
    "confidence": "likely",
    "geometry_basis": "route-aware: point snapped to power=line OSM way 1050197006 \u00b7 115000 V",
    "geometry_note": "OSM route proxy, not surveyed clearance",
    "geometry_source": "osm_snapped",
    "snap_m": 19.1,
    "center_lat": 32.676284,
    "center_lon": -83.706388
   },
   "geometry": {
    "type": "Point",
    "coordinates": [
     -83.70652639117412,
     32.676411090622125
    ]
   }
  },
  {
   "type": "Feature",
   "properties": {
    "project_id": "GPC_8",
    "name": "GRID - BREMEN - CROOKED CREEK (APC) 115 KV PROJECT",
    "utility": "Georgia Power",
    "type": "line",
    "endpoint_a": "GRID",
    "endpoint_b": "BREMEN",
    "in_service_date": "2025-06-01",
    "confidence": "likely",
    "geometry_basis": "straight corridor (endpoint geocode) + 10 km uncertainty buffer (no OSM power=line within 10 km)",
    "geometry_note": "corridor proximity, not surveyed distance",
    "geometry_source": "buffered_estimate",
    "buffer_m": 10000.0,
    "center_lat": 33.731643,
    "center_lon": -84.76157
   },
   "geometry": {
    "type": "LineString",
    "coordinates": [
     [
      -84.3804241,
      33.754094099999996
     ],
     [
      -85.14271595,
      33.70919244999998
     ]
    ]
   }
  },
  {
   "type": "Feature",
   "properties": {
    "project_id": "GPC_5",
    "name": "JESUP - LUDOWICI PRIMARY 115KV REBUILD",
    "utility": "Georgia Power",
    "type": "line",
    "endpoint_a": "JESUP",
    "endpoint_b": "LUDOWICI PRIMARY",
    "in_service_date": "2025-06-01",
    "confidence": "confirmed",
    "geometry_basis": "straight corridor (endpoint geocode) + 10 km uncertainty buffer (no OSM power=line within 10 km)",
    "geometry_note": "corridor proximity, not surveyed distance",
    "geometry_source": "buffered_estimate",
    "buffer_m": 10000.0,
    "center_lat": 31.662351,
    "center_lon": -81.834325
   },
   "geometry": {
    "type": "LineString",
    "coordinates": [
     [
      -81.924947,
      31.60310600000001
     ],
     [
      -81.743703,
      31.721596999999978
     ]
    ]
   }
  },
  {
   "type": "Feature",
   "properties": {
    "project_id": "GPC_9",
    "name": "NORCROSS 230KV BUS 1-3 SERIES BUS TIE BREAKER INSTALLATION",
    "utility": "Georgia Power",
    "type": "substation",
    "endpoint_a": "NORCROSS",
    "endpoint_b": "",
    "in_service_date": "2025-06-01",
    "confidence": "confirmed",
    "geometry_basis": "route-aware: point snapped to power=line OSM way 984875514 \u00b7 230000 V",
    "geometry_note": "OSM route proxy, not surveyed clearance",
    "geometry_source": "osm_snapped",
    "snap_m": 5.6,
    "center_lat": 33.93248,
    "center_lon": -84.21379
   },
   "geometry": {
    "type": "Point",
    "coordinates": [
     -84.21384840236095,
     33.9324643733861
    ]
   }
  },
  {
   "type": "Feature",
   "properties": {
    "project_id": "GPC_10",
    "name": "PINE GROVE PRIMARY 115 KV DUAL STAGE CAPACITOR BANK",
    "utility": "Georgia Power",
    "type": "line",
    "endpoint_a": "PINE GROVE PRIMARY",
    "endpoint_b": "",
    "in_service_date": "2025-06-01",
    "confidence": "confirmed",
    "geometry_basis": "route-aware: point snapped to power=line OSM way 1340149594 \u00b7 115000 V",
    "geometry_note": "OSM route proxy, not surveyed clearance",
    "geometry_source": "osm_snapped",
    "snap_m": 13.0,
    "center_lat": 30.881648,
    "center_lon": -83.227987
   },
   "geometry": {
    "type": "Point",
    "coordinates": [
     -83.22805292435888,
     30.881750742008673
    ]
   }
  },
  {
   "type": "Feature",
   "properties": {
    "project_id": "GPC_11",
    "name": "SMART VALVE INSTALLATION",
    "utility": "Georgia Power",
    "type": "substation",
    "endpoint_a": "SMART VALVE INSTALLATION",
    "endpoint_b": "",
    "in_service_date": "2025-06-01",
    "confidence": "unconfirmed",
    "geometry_basis": "route-aware: point snapped to power=line OSM way 160308069 \u00b7 230000 V",
    "geometry_note": "OSM route proxy, not surveyed clearance",
    "geometry_source": "osm_snapped",
    "snap_m": 2807.1,
    "center_lat": 32.7,
    "center_lon": -83.4
   },
   "geometry": {
    "type": "Point",
    "coordinates": [
     -83.4263734,
     32.71214809999999
    ]
   }
  },
  {
   "type": "Feature",
   "properties": {
    "project_id": "GPC_12",
    "name": "THALMANN AND COLERAIN 23O KV LINE RELAY PANEL UPGRADES",
    "utility": "Georgia Power",
    "type": "substation",
    "endpoint_a": "THALMANN",
    "endpoint_b": "",
    "in_service_date": "2025-06-01",
    "confidence": "confirmed",
    "geometry_basis": "route-aware: point snapped to power=line OSM way 589663885 \u00b7 500000 V",
    "geometry_note": "OSM route proxy, not surveyed clearance",
    "geometry_source": "osm_snapped",
    "snap_m": 42.4,
    "center_lat": 31.293498,
    "center_lon": -81.680883
   },
   "geometry": {
    "type": "Point",
    "coordinates": [
     -81.68126704691986,
     31.293692602791968
    ]
   }
  },
  {
   "type": "Feature",
   "properties": {
    "project_id": "GPC_13",
    "name": "VILLA RICA LOW SIDE BREAKER",
    "utility": "Georgia Power",
    "type": "substation",
    "endpoint_a": "VILLA RICA LOW SIDE BREAKER",
    "endpoint_b": "",
    "in_service_date": "2025-06-01",
    "confidence": "confirmed",
    "geometry_basis": "route-aware: point snapped to power=line OSM way 595868331 \u00b7 500000 V",
    "geometry_note": "OSM route proxy, not surveyed clearance",
    "geometry_source": "osm_snapped",
    "snap_m": 0.5,
    "center_lat": 33.740728,
    "center_lon": -84.856346
   },
   "geometry": {
    "type": "Point",
    "coordinates": [
     -84.85634452959097,
     33.740724114061145
    ]
   }
  },
  {
   "type": "Feature",
   "properties": {
    "project_id": "GPC_14",
    "name": "CAMDEN INDUSTRIAL PARK",
    "utility": "Georgia Power",
    "type": "line",
    "endpoint_a": "CAMDEN INDUSTRIAL PARK",
    "endpoint_b": "",
    "in_service_date": "2025-06-01",
    "confidence": "confirmed",
    "geometry_basis": "route-aware: point snapped to power=line OSM way 185019893 \u00b7 230000 V",
    "geometry_note": "OSM route proxy, not surveyed clearance",
    "geometry_source": "osm_snapped",
    "snap_m": 5.4,
    "center_lat": 34.302186,
    "center_lon": -80.541082
   },
   "geometry": {
    "type": "Point",
    "coordinates": [
     -80.5411346313942,
     34.30216415584536
    ]
   }
  },
  {
   "type": "Feature",
   "properties": {
    "project_id": "GPC_15",
    "name": "JEFFERSON STREET#3 - NORTHWEST (WHITE) 115 KV RECONDUCTOR",
    "utility": "Georgia Power",
    "type": "line",
    "endpoint_a": "JEFFERSON STREET#3",
    "endpoint_b": "NORTHWEST",
    "in_service_date": "2025-12-01",
    "confidence": "unconfirmed",
    "geometry_basis": "straight corridor (endpoint geocode) + 10 km uncertainty buffer (no OSM power=line within 10 km)",
    "geometry_note": "corridor proximity, not surveyed distance",
    "geometry_source": "buffered_estimate",
    "buffer_m": 10000.0,
    "center_lat": 31.525092,
    "center_lon": -83.554321
   },
   "geometry": {
    "type": "LineString",
    "coordinates": [
     [
      -84.7688479,
      33.3940883
     ],
     [
      -82.3397947,
      29.65609529999999
     ]
    ]
   }
  },
  {
   "type": "Feature",
   "properties": {
    "project_id": "GPC_16",
    "name": "ANTHONY SHOALS STATCOM SYSTEM",
    "utility": "Georgia Power",
    "type": "substation",
    "endpoint_a": "ANTHONY SHOALS STATCOM SYSTEM",
    "endpoint_b": "",
    "in_service_date": "2025-12-31",
    "confidence": "confirmed",
    "geometry_basis": "route-aware: point snapped to power=line OSM way 1220033042 \u00b7 115000 V",
    "geometry_note": "OSM route proxy, not surveyed clearance",
    "geometry_source": "osm_snapped",
    "snap_m": 15.3,
    "center_lat": 34.001806,
    "center_lon": -82.636242
   },
   "geometry": {
    "type": "Point",
    "coordinates": [
     -82.6361657,
     34.00168389999999
    ]
   }
  },
  {
   "type": "Feature",
   "properties": {
    "project_id": "GPC_17",
    "name": "CC - CASS PINE- HILL VIEW 230 KV LINE- CC IMPROVEMENTS",
    "utility": "Georgia Power",
    "type": "line",
    "endpoint_a": "CASS PINE- HILL VIEW",
    "endpoint_b": "",
    "in_service_date": "2025-12-31",
    "confidence": "unconfirmed",
    "geometry_basis": "route-aware: point snapped to power=line OSM way 160308069 \u00b7 230000 V",
    "geometry_note": "OSM route proxy, not surveyed clearance",
    "geometry_source": "osm_snapped",
    "snap_m": 2807.1,
    "center_lat": 32.7,
    "center_lon": -83.4
   },
   "geometry": {
    "type": "Point",
    "coordinates": [
     -83.4263734,
     32.71214809999999
    ]
   }
  },
  {
   "type": "Feature",
   "properties": {
    "project_id": "GPC_18",
    "name": "CC - PROJECT CHRONOS- SK/HYUNDAI",
    "utility": "Georgia Power",
    "type": "line",
    "endpoint_a": "PROJECT CHRONOS- SK/HYUNDAI",
    "endpoint_b": "",
    "in_service_date": "2025-12-31",
    "confidence": "unconfirmed",
    "geometry_basis": "route-aware: point snapped to power=line OSM way 160308069 \u00b7 230000 V",
    "geometry_note": "OSM route proxy, not surveyed clearance",
    "geometry_source": "osm_snapped",
    "snap_m": 2807.1,
    "center_lat": 32.7,
    "center_lon": -83.4
   },
   "geometry": {
    "type": "Point",
    "coordinates": [
     -83.4263734,
     32.71214809999999
    ]
   }
  },
  {
   "type": "Feature",
   "properties": {
    "project_id": "GPC_19",
    "name": "CC - QTS FAYETTEVILLE TRANSMISSION NEEDS",
    "utility": "Georgia Power",
    "type": "line",
    "endpoint_a": "QTS FAYETTEVILLE TRANSMISSION NEEDS",
    "endpoint_b": "",
    "in_service_date": "2026-04-01",
    "confidence": "confirmed",
    "geometry_basis": "route-aware: point snapped to power=line OSM way 184494120 \u00b7 230000 V",
    "geometry_note": "OSM route proxy, not surveyed clearance",
    "geometry_source": "osm_snapped",
    "snap_m": 7.0,
    "center_lat": 35.020422,
    "center_lon": -78.916153
   },
   "geometry": {
    "type": "Point",
    "coordinates": [
     -78.91617252107336,
     35.02048234516779
    ]
   }
  },
  {
   "type": "Feature",
   "properties": {
    "project_id": "GPC_20",
    "name": "ADAMSVILLE - BUZZARD ROOST 230KV REBUILD AND JUMPER UPGRADE",
    "utility": "Georgia Power",
    "type": "line",
    "endpoint_a": "ADAMSVILLE",
    "endpoint_b": "BUZZARD ROOST",
    "in_service_date": "2026-06-01",
    "confidence": "likely",
    "geometry_basis": "straight corridor (endpoint geocode) + 10 km uncertainty buffer (no OSM power=line within 10 km)",
    "geometry_note": "corridor proximity, not surveyed distance",
    "geometry_source": "buffered_estimate",
    "buffer_m": 10000.0,
    "center_lat": 33.964092,
    "center_lon": -83.203899
   },
   "geometry": {
    "type": "LineString",
    "coordinates": [
     [
      -84.505209,
      33.7592737
     ],
     [
      -81.90258871899994,
      34.16891113200006
     ]
    ]
   }
  },
  {
   "type": "Feature",
   "properties": {
    "project_id": "GPC_21",
    "name": "BLANKETS CREEK \u2013 WOODSTOCK 115KV LINE REBUILD",
    "utility": "Georgia Power",
    "type": "line",
    "endpoint_a": "BLANKETS CREEK",
    "endpoint_b": "WOODSTOCK",
    "in_service_date": "2026-06-01",
    "confidence": "confirmed",
    "geometry_basis": "route-aware: corridor snapped to power=line OSM way 973109193 \u00b7 115000 V",
    "geometry_note": "OSM route proxy, not surveyed clearance",
    "geometry_source": "osm_snapped",
    "snap_m": 3635.8,
    "center_lat": 34.136186,
    "center_lon": -84.51056
   },
   "geometry": {
    "type": "LineString",
    "coordinates": [
     [
      -84.5086074,
      34.17355289999998
     ],
     [
      -84.5091103,
      34.17348069999999
     ],
     [
      -84.5093036,
      34.172362
     ],
     [
      -84.5096934,
      34.17018499999999
     ],
     [
      -84.5100832,
      34.16784890000001
     ],
     [
      -84.5103909,
      34.1658564
     ],
     [
      -84.5108397,
      34.1633207
     ],
     [
      -84.50988310000001,
      34.15978109999999
     ],
     [
      -84.5094779,
      34.15827440000001
     ],
     [
      -84.5090907,
      34.15685899999997
     ],
     [
      -84.5086753,
      34.155365
     ],
     [
      -84.5082598,
      34.1537882
     ],
     [
      -84.5077674,
      34.1518676
     ],
     [
      -84.5074289,
      34.15062389999999
     ],
     [
      -84.5069622,
      34.14897909999998
     ],
     [
      -84.50638,
      34.1467464
     ],
     [
      -84.5057338,
      34.1442589
     ],
     [
      -84.5051824,
      34.142272199999994
     ],
     [
      -84.5050901,
      34.1418838
     ],
     [
      -84.5049054,
      34.140591199999996
     ],
     [
      -84.5049875,
      34.13966359999997
     ],
     [
      -84.5054568,
      34.135199699999994
     ],
     [
      -84.505603,
      34.1339749
     ],
     [
      -84.5059492,
      34.130909700000004
     ],
     [
      -84.5062826,
      34.127530099999994
     ],
     [
      -84.5066761,
      34.124068300000005
     ],
     [
      -84.5069404,
      34.12157220000002
     ],
     [
      -84.5071044,
      34.1205499
     ],
     [
      -84.5072851,
      34.11936960000001
     ],
     [
      -84.5073688,
      34.11880169999999
     ]
    ]
   }
  },
  {
   "type": "Feature",
   "properties": {
    "project_id": "GPC_22",
    "name": "CC - GARRETT ROAD SWITCHING STATION - TRAE LANE",
    "utility": "Georgia Power",
    "type": "substation",
    "endpoint_a": "GARRETT ROAD SWITCHING STATION",
    "endpoint_b": "",
    "in_service_date": "2026-06-01",
    "confidence": "unconfirmed",
    "geometry_basis": "route-aware: point snapped to power=line OSM way 160308069 \u00b7 230000 V",
    "geometry_note": "OSM route proxy, not surveyed clearance",
    "geometry_source": "osm_snapped",
    "snap_m": 2807.1,
    "center_lat": 32.7,
    "center_lon": -83.4
   },
   "geometry": {
    "type": "Point",
    "coordinates": [
     -83.4263734,
     32.71214809999999
    ]
   }
  },
  {
   "type": "Feature",
   "properties": {
    "project_id": "GPC_23",
    "name": "CC - STONEWALL TELL ROAD (TA REALTY)",
    "utility": "Georgia Power",
    "type": "line",
    "endpoint_a": "STONEWALL TELL ROAD",
    "endpoint_b": "",
    "in_service_date": "2026-06-01",
    "confidence": "likely",
    "geometry_basis": "route-aware: point snapped to power=line OSM way 159784544 \u00b7 Villa Rica - Union 500kV #2 \u00b7 500000 V",
    "geometry_note": "OSM route proxy, not surveyed clearance",
    "geometry_source": "osm_snapped",
    "snap_m": 782.6,
    "center_lat": 33.605536,
    "center_lon": -84.552744
   },
   "geometry": {
    "type": "Point",
    "coordinates": [
     -84.5477418093228,
     33.61119757395486
    ]
   }
  },
  {
   "type": "Feature",
   "properties": {
    "project_id": "GPC_24",
    "name": "EAST POINT RELAY MODERNIZATION",
    "utility": "Georgia Power",
    "type": "substation",
    "endpoint_a": "EAST POINT RELAY MODERNIZATION",
    "endpoint_b": "",
    "in_service_date": "2026-06-01",
    "confidence": "unconfirmed",
    "geometry_basis": "route-aware: point snapped to power=line OSM way 160308069 \u00b7 230000 V",
    "geometry_note": "OSM route proxy, not surveyed clearance",
    "geometry_source": "osm_snapped",
    "snap_m": 2807.1,
    "center_lat": 32.7,
    "center_lon": -83.4
   },
   "geometry": {
    "type": "Point",
    "coordinates": [
     -83.4263734,
     32.71214809999999
    ]
   }
  },
  {
   "type": "Feature",
   "properties": {
    "project_id": "GPC_25",
    "name": "FENWICK STREET - SAND BAR FERRY 115KV (RECONDUCTOR/REBUILD)",
    "utility": "Georgia Power",
    "type": "line",
    "endpoint_a": "FENWICK STREET",
    "endpoint_b": "SAND BAR FERRY",
    "in_service_date": "2026-06-01",
    "confidence": "likely",
    "geometry_basis": "route-aware: corridor snapped to power=line OSM way 170166776 \u00b7 115000 V",
    "geometry_note": "OSM route proxy, not surveyed clearance",
    "geometry_source": "osm_snapped",
    "snap_m": 1836.2,
    "center_lat": 33.458612,
    "center_lon": -81.94454
   },
   "geometry": {
    "type": "LineString",
    "coordinates": [
     [
      -81.9646488,
      33.46087180000001
     ],
     [
      -81.9650078,
      33.4600525
     ],
     [
      -81.9653819,
      33.4595706
     ],
     [
      -81.9659401,
      33.4584782
     ],
     [
      -81.9663164,
      33.457637099999985
     ],
     [
      -81.9668644,
      33.4565213
     ],
     [
      -81.9676921,
      33.454831999999996
     ],
     [
      -81.9681608,
      33.45387970000001
     ],
     [
      -81.9685689,
      33.45301820000001
     ],
     [
      -81.9669419,
      33.45247159999998
     ],
     [
      -81.9653949,
      33.451953799999984
     ],
     [
      -81.962943,
      33.451194500000014
     ],
     [
      -81.9605262,
      33.45045609999999
     ],
     [
      -81.9582021,
      33.44974450000001
     ],
     [
      -81.9561929,
      33.44915079999999
     ],
     [
      -81.953745,
      33.44841699999999
     ],
     [
      -81.95195160000002,
      33.4477977
     ],
     [
      -81.9498586,
      33.44707160000001
     ],
     [
      -81.9480881,
      33.44648780000001
     ],
     [
      -81.946118,
      33.44566589999998
     ],
     [
      -81.9443484,
      33.44441669999999
     ],
     [
      -81.942561,
      33.44315099999999
     ],
     [
      -81.9407649,
      33.441925499999996
     ]
    ]
   }
  },
  {
   "type": "Feature",
   "properties": {
    "project_id": "GPC_26",
    "name": "GOAT ROCK 230KV SWITCH, JUMPER, & LINE TRAP REPLACEMENT",
    "utility": "Georgia Power",
    "type": "substation",
    "endpoint_a": "GOAT ROCK",
    "endpoint_b": "",
    "in_service_date": "2026-06-01",
    "confidence": "confirmed",
    "geometry_basis": "route-aware: point snapped to power=line OSM way 186406806 \u00b7 230000 V",
    "geometry_note": "OSM route proxy, not surveyed clearance",
    "geometry_source": "osm_snapped",
    "snap_m": 6.2,
    "center_lat": 32.608247,
    "center_lon": -85.082607
   },
   "geometry": {
    "type": "Point",
    "coordinates": [
     -85.0825488,
     32.6082731
    ]
   }
  },
  {
   "type": "Feature",
   "properties": {
    "project_id": "GPC_27",
    "name": "GORDON-N DUBLIN 115KV (GORDON-ENGL MCI J) REBUILD",
    "utility": "Georgia Power",
    "type": "line",
    "endpoint_a": "GORDON-N DUBLIN",
    "endpoint_b": "",
    "in_service_date": "2026-06-01",
    "confidence": "confirmed",
    "geometry_basis": "route-aware: point snapped to power=line OSM way 1057891194 \u00b7 115000 V",
    "geometry_note": "OSM route proxy, not surveyed clearance",
    "geometry_source": "osm_snapped",
    "snap_m": 23.0,
    "center_lat": 34.441124,
    "center_lon": -84.926353
   },
   "geometry": {
    "type": "Point",
    "coordinates": [
     -84.9265631,
     34.44100980000002
    ]
   }
  },
  {
   "type": "Feature",
   "properties": {
    "project_id": "GPC_28",
    "name": "GRADY - MORROW (WHITE) 115KV REBUILD",
    "utility": "Georgia Power",
    "type": "line",
    "endpoint_a": "GRADY",
    "endpoint_b": "MORROW",
    "in_service_date": "2026-06-01",
    "confidence": "confirmed",
    "geometry_basis": "straight corridor (endpoint geocode) + 10 km uncertainty buffer (no OSM power=line within 10 km)",
    "geometry_note": "corridor proximity, not surveyed distance",
    "geometry_source": "buffered_estimate",
    "buffer_m": 10000.0,
    "center_lat": 32.09088,
    "center_lon": -84.682141
   },
   "geometry": {
    "type": "LineString",
    "coordinates": [
     [
      -85.03082065000001,
      30.575828799999982
     ],
     [
      -84.33346165,
      33.60593095000002
     ]
    ]
   }
  },
  {
   "type": "Feature",
   "properties": {
    "project_id": "GPC_29",
    "name": "GRADY 230/115KV RELAY MODERNIZATION",
    "utility": "Georgia Power",
    "type": "substation",
    "endpoint_a": "GRADY",
    "endpoint_b": "",
    "in_service_date": "2026-06-01",
    "confidence": "confirmed",
    "geometry_basis": "route-aware: point snapped to power=line OSM way 1199991623 \u00b7 115000 V",
    "geometry_note": "OSM route proxy, not surveyed clearance",
    "geometry_source": "osm_snapped",
    "snap_m": 2.6,
    "center_lat": 30.575829,
    "center_lon": -85.030821
   },
   "geometry": {
    "type": "Point",
    "coordinates": [
     -85.03083730233688,
     30.57584770449518
    ]
   }
  },
  {
   "type": "Feature",
   "properties": {
    "project_id": "GPC_30",
    "name": "GRID - GAINESVILLE #2 EQUIPMENT REPLACEMENT",
    "utility": "Georgia Power",
    "type": "line",
    "endpoint_a": "GRID",
    "endpoint_b": "GAINESVILLE #2 EQUIPMENT REPLACEMENT",
    "in_service_date": "2026-06-01",
    "confidence": "unconfirmed",
    "geometry_basis": "straight corridor (endpoint geocode) + 10 km uncertainty buffer (no OSM power=line within 10 km)",
    "geometry_note": "corridor proximity, not surveyed distance",
    "geometry_source": "buffered_estimate",
    "buffer_m": 10000.0,
    "center_lat": 33.227047,
    "center_lon": -83.890212
   },
   "geometry": {
    "type": "LineString",
    "coordinates": [
     [
      -84.3804241,
      33.754094099999996
     ],
     [
      -83.4,
      32.69999999999998
     ]
    ]
   }
  },
  {
   "type": "Feature",
   "properties": {
    "project_id": "GPC_31",
    "name": "HAMMOND - WEISS DAM 115KV LINE REBUILD",
    "utility": "Georgia Power",
    "type": "line",
    "endpoint_a": "HAMMOND",
    "endpoint_b": "WEISS DAM",
    "in_service_date": "2026-06-01",
    "confidence": "unconfirmed",
    "geometry_basis": "straight corridor (endpoint geocode) + 10 km uncertainty buffer (no OSM power=line within 10 km)",
    "geometry_note": "corridor proximity, not surveyed distance",
    "geometry_source": "buffered_estimate",
    "buffer_m": 10000.0,
    "center_lat": 33.953191,
    "center_lon": -83.299187
   },
   "geometry": {
    "type": "LineString",
    "coordinates": [
     [
      -80.85674184999999,
      33.7318414
     ],
     [
      -85.7416327,
      34.174540099999994
     ]
    ]
   }
  },
  {
   "type": "Feature",
   "properties": {
    "project_id": "GPC_32",
    "name": "KATHLEEN AREA IMPROVEMENTS",
    "utility": "Georgia Power",
    "type": "line",
    "endpoint_a": "KATHLEEN AREA IMPROVEMENTS",
    "endpoint_b": "",
    "in_service_date": "2026-06-01",
    "confidence": "unconfirmed",
    "geometry_basis": "route-aware: point snapped to power=line OSM way 160308069 \u00b7 230000 V",
    "geometry_note": "OSM route proxy, not surveyed clearance",
    "geometry_source": "osm_snapped",
    "snap_m": 2807.1,
    "center_lat": 32.7,
    "center_lon": -83.4
   },
   "geometry": {
    "type": "Point",
    "coordinates": [
     -83.4263734,
     32.71214809999999
    ]
   }
  },
  {
   "type": "Feature",
   "properties": {
    "project_id": "GPC_33",
    "name": "KLONDIKE RELAY MODERNIZATION",
    "utility": "Georgia Power",
    "type": "substation",
    "endpoint_a": "KLONDIKE RELAY MODERNIZATION",
    "endpoint_b": "",
    "in_service_date": "2026-06-01",
    "confidence": "confirmed",
    "geometry_basis": "route-aware: point snapped to power=line OSM way 967608025 \u00b7 230000 V",
    "geometry_note": "OSM route proxy, not surveyed clearance",
    "geometry_source": "osm_snapped",
    "snap_m": 1.1,
    "center_lat": 33.638013,
    "center_lon": -84.126448
   },
   "geometry": {
    "type": "Point",
    "coordinates": [
     -84.12644774445594,
     33.63802329680423
    ]
   }
  },
  {
   "type": "Feature",
   "properties": {
    "project_id": "GPC_34",
    "name": "MORROW 115KV RELAY UPGRADE",
    "utility": "Georgia Power",
    "type": "substation",
    "endpoint_a": "MORROW",
    "endpoint_b": "",
    "in_service_date": "2026-06-01",
    "confidence": "confirmed",
    "geometry_basis": "route-aware: point snapped to power=line OSM way 171479113 \u00b7 230000 V",
    "geometry_note": "OSM route proxy, not surveyed clearance",
    "geometry_source": "osm_snapped",
    "snap_m": 21.8,
    "center_lat": 33.605931,
    "center_lon": -84.333462
   },
   "geometry": {
    "type": "Point",
    "coordinates": [
     -84.33322619720607,
     33.6059140130636
    ]
   }
  },
  {
   "type": "Feature",
   "properties": {
    "project_id": "GPC_35",
    "name": "PALMYRA REACTOR REMOVAL",
    "utility": "Georgia Power",
    "type": "substation",
    "endpoint_a": "PALMYRA REACTOR REMOVAL",
    "endpoint_b": "",
    "in_service_date": "2026-06-01",
    "confidence": "unconfirmed",
    "geometry_basis": "route-aware: point snapped to power=line OSM way 160308069 \u00b7 230000 V",
    "geometry_note": "OSM route proxy, not surveyed clearance",
    "geometry_source": "osm_snapped",
    "snap_m": 2807.1,
    "center_lat": 32.7,
    "center_lon": -83.4
   },
   "geometry": {
    "type": "Point",
    "coordinates": [
     -83.4263734,
     32.71214809999999
    ]
   }
  },
  {
   "type": "Feature",
   "properties": {
    "project_id": "GPC_2",
    "name": "SAV: MCINTOSH - PURRYSBURG 230KV REACTORS",
    "utility": "Georgia Power",
    "type": "substation",
    "endpoint_a": "MCINTOSH",
    "endpoint_b": "PURRYSBURG",
    "in_service_date": "2026-06-01",
    "confidence": "confirmed",
    "geometry_basis": "route-aware: point snapped to power=line OSM way 1054230281 \u00b7 230000 V",
    "geometry_note": "OSM route proxy, not surveyed clearance",
    "geometry_source": "osm_snapped",
    "snap_m": 1.8,
    "center_lat": 32.352116,
    "center_lon": -81.175112
   },
   "geometry": {
    "type": "Point",
    "coordinates": [
     -81.17512958181263,
     32.35212213270546
    ]
   }
  },
  {
   "type": "Feature",
   "properties": {
    "project_id": "GPC_36",
    "name": "SCOTTDALE RELAY MODERNIZATION",
    "utility": "Georgia Power",
    "type": "substation",
    "endpoint_a": "SCOTTDALE RELAY MODERNIZATION",
    "endpoint_b": "",
    "in_service_date": "2026-06-01",
    "confidence": "unconfirmed",
    "geometry_basis": "route-aware: point snapped to power=line OSM way 160308069 \u00b7 230000 V",
    "geometry_note": "OSM route proxy, not surveyed clearance",
    "geometry_source": "osm_snapped",
    "snap_m": 2807.1,
    "center_lat": 32.7,
    "center_lon": -83.4
   },
   "geometry": {
    "type": "Point",
    "coordinates": [
     -83.4263734,
     32.71214809999999
    ]
   }
  },
  {
   "type": "Feature",
   "properties": {
    "project_id": "GPC_37",
    "name": "UNION CITY - YATES 230 KV WHITE LINE REBUILD",
    "utility": "Georgia Power",
    "type": "line",
    "endpoint_a": "UNION CITY",
    "endpoint_b": "YATES",
    "in_service_date": "2026-04-01",
    "confidence": "confirmed",
    "geometry_basis": "straight corridor (endpoint geocode) + 10 km uncertainty buffer (no OSM power=line within 10 km)",
    "geometry_note": "corridor proximity, not surveyed distance",
    "geometry_source": "buffered_estimate",
    "buffer_m": 10000.0,
    "center_lat": 33.507159,
    "center_lon": -84.702997
   },
   "geometry": {
    "type": "LineString",
    "coordinates": [
     [
      -84.50947594099995,
      33.553044421000045
     ],
     [
      -84.89651825599998,
      33.461273875000074
     ]
    ]
   }
  },
  {
   "type": "Feature",
   "properties": {
    "project_id": "GPC_38",
    "name": "UNION CITY - YATES 230KV (WHITE) SWITCH AND TRAP REPLACEMENT",
    "utility": "Georgia Power",
    "type": "substation",
    "endpoint_a": "UNION CITY",
    "endpoint_b": "YATES",
    "in_service_date": "2026-06-01",
    "confidence": "confirmed",
    "geometry_basis": "straight corridor (endpoint geocode) + 10 km uncertainty buffer (no OSM power=line within 10 km)",
    "geometry_note": "corridor proximity, not surveyed distance",
    "geometry_source": "buffered_estimate",
    "buffer_m": 10000.0,
    "center_lat": 33.507159,
    "center_lon": -84.702997
   },
   "geometry": {
    "type": "LineString",
    "coordinates": [
     [
      -84.50947594099995,
      33.553044421000045
     ],
     [
      -84.89651825599998,
      33.461273875000074
     ]
    ]
   }
  },
  {
   "type": "Feature",
   "properties": {
    "project_id": "GPC_39",
    "name": "CC - PROJECT PAYTON BAINBRIDGE",
    "utility": "Georgia Power",
    "type": "line",
    "endpoint_a": "PROJECT PAYTON BAINBRIDGE",
    "endpoint_b": "",
    "in_service_date": "2026-06-30",
    "confidence": "unconfirmed",
    "geometry_basis": "route-aware: point snapped to power=line OSM way 160308069 \u00b7 230000 V",
    "geometry_note": "OSM route proxy, not surveyed clearance",
    "geometry_source": "osm_snapped",
    "snap_m": 2807.1,
    "center_lat": 32.7,
    "center_lon": -83.4
   },
   "geometry": {
    "type": "Point",
    "coordinates": [
     -83.4263734,
     32.71214809999999
    ]
   }
  },
  {
   "type": "Feature",
   "properties": {
    "project_id": "GPC_40",
    "name": "OHARA BREAKER REPLACEMENT",
    "utility": "Georgia Power",
    "type": "substation",
    "endpoint_a": "OHARA BREAKER REPLACEMENT",
    "endpoint_b": "",
    "in_service_date": "2026-10-01",
    "confidence": "confirmed",
    "geometry_basis": "route-aware: point snapped to power=line OSM way 967362341 \u00b7 230000 V",
    "geometry_note": "OSM route proxy, not surveyed clearance",
    "geometry_source": "osm_snapped",
    "snap_m": 8.1,
    "center_lat": 33.482024,
    "center_lon": -84.367267
   },
   "geometry": {
    "type": "Point",
    "coordinates": [
     -84.36735473408568,
     33.482024214126966
    ]
   }
  },
  {
   "type": "Feature",
   "properties": {
    "project_id": "GPC_41",
    "name": "DRESDEN LINE PROTECTIVE RELAYING",
    "utility": "Georgia Power",
    "type": "substation",
    "endpoint_a": "DRESDEN LINE PROTECTIVE RELAYING",
    "endpoint_b": "",
    "in_service_date": "2026-12-01",
    "confidence": "confirmed",
    "geometry_basis": "route-aware: point snapped to power=line OSM way 1056847075 \u00b7 500000 V",
    "geometry_note": "OSM route proxy, not surveyed clearance",
    "geometry_source": "osm_snapped",
    "snap_m": 16.0,
    "center_lat": 33.351588,
    "center_lon": -84.905482
   },
   "geometry": {
    "type": "Point",
    "coordinates": [
     -84.90530879820277,
     33.351587597838126
    ]
   }
  },
  {
   "type": "Feature",
   "properties": {
    "project_id": "GPC_42",
    "name": "CC - CASS PINE 230/25 NEW SUB - QCELLS - CC IMPROVEMENTS",
    "utility": "Georgia Power",
    "type": "substation",
    "endpoint_a": "CASS PINE 230/25 NEW SUB",
    "endpoint_b": "",
    "in_service_date": "2026-12-31",
    "confidence": "unconfirmed",
    "geometry_basis": "route-aware: point snapped to power=line OSM way 160308069 \u00b7 230000 V",
    "geometry_note": "OSM route proxy, not surveyed clearance",
    "geometry_source": "osm_snapped",
    "snap_m": 2807.1,
    "center_lat": 32.7,
    "center_lon": -83.4
   },
   "geometry": {
    "type": "Point",
    "coordinates": [
     -83.4263734,
     32.71214809999999
    ]
   }
  },
  {
   "type": "Feature",
   "properties": {
    "project_id": "GPC_43",
    "name": "GRADY-WEST END 115KV REBUILD",
    "utility": "Georgia Power",
    "type": "line",
    "endpoint_a": "GRADY-WEST END",
    "endpoint_b": "",
    "in_service_date": "2026-12-31",
    "confidence": "likely",
    "geometry_basis": "route-aware: point snapped to power=line OSM way 969681664 \u00b7 115000 V",
    "geometry_note": "OSM route proxy, not surveyed clearance",
    "geometry_source": "osm_snapped",
    "snap_m": 1686.9,
    "center_lat": 33.73715,
    "center_lon": -84.426583
   },
   "geometry": {
    "type": "Point",
    "coordinates": [
     -84.4082866,
     33.738135099999994
    ]
   }
  },
  {
   "type": "Feature",
   "properties": {
    "project_id": "GPC_44",
    "name": "MORROW - MOUNTAIN VIEW 115 KV REBUILD",
    "utility": "Georgia Power",
    "type": "line",
    "endpoint_a": "MORROW",
    "endpoint_b": "MOUNTAIN VIEW",
    "in_service_date": "2026-12-31",
    "confidence": "likely",
    "geometry_basis": "route-aware: corridor snapped to power=line OSM way 1059238274 \u00b7 115000 V",
    "geometry_note": "OSM route proxy, not surveyed clearance",
    "geometry_source": "osm_snapped",
    "snap_m": 3859.6,
    "center_lat": 33.623854,
    "center_lon": -84.361833
   },
   "geometry": {
    "type": "LineString",
    "coordinates": [
     [
      -84.3356923,
      33.6064335
     ],
     [
      -84.3387068,
      33.606534100000005
     ],
     [
      -84.3401455,
      33.60659359999999
     ],
     [
      -84.3417233,
      33.60667649999999
     ],
     [
      -84.3436183,
      33.6067961
     ],
     [
      -84.3469502,
      33.60702989999998
     ],
     [
      -84.3507064,
      33.60728859999998
     ],
     [
      -84.3530119,
      33.607309999999984
     ],
     [
      -84.354921,
      33.60733319999998
     ],
     [
      -84.3564616,
      33.60735109999999
     ],
     [
      -84.3581243,
      33.60736539999999
     ],
     [
      -84.3609613,
      33.6073957
     ],
     [
      -84.3635753,
      33.6074171
     ],
     [
      -84.3671258,
      33.60746889999999
     ],
     [
      -84.3691955,
      33.60748169999999
     ],
     [
      -84.3708555,
      33.607487899999995
     ],
     [
      -84.373339,
      33.6075267
     ],
     [
      -84.3768551,
      33.607569500000004
     ],
     [
      -84.3805363,
      33.607596300000004
     ],
     [
      -84.3837267,
      33.6076391
     ]
    ]
   }
  },
  {
   "type": "Feature",
   "properties": {
    "project_id": "GPC_45",
    "name": "CC - EMBLEM RIVERSIDE CUSTOMER SUB (FLEXENTIAL)",
    "utility": "Georgia Power",
    "type": "substation",
    "endpoint_a": "EMBLEM RIVERSIDE CUSTOMER SUB",
    "endpoint_b": "",
    "in_service_date": "2027-03-01",
    "confidence": "unconfirmed",
    "geometry_basis": "route-aware: point snapped to power=line OSM way 160308069 \u00b7 230000 V",
    "geometry_note": "OSM route proxy, not surveyed clearance",
    "geometry_source": "osm_snapped",
    "snap_m": 2807.1,
    "center_lat": 32.7,
    "center_lon": -83.4
   },
   "geometry": {
    "type": "Point",
    "coordinates": [
     -83.4263734,
     32.71214809999999
    ]
   }
  },
  {
   "type": "Feature",
   "properties": {
    "project_id": "GPC_46",
    "name": "MORROW - YATES COMMON 115KV LINE UPGRADE",
    "utility": "Georgia Power",
    "type": "line",
    "endpoint_a": "MORROW",
    "endpoint_b": "YATES COMMON",
    "in_service_date": "2027-05-01",
    "confidence": "likely",
    "geometry_basis": "straight corridor (endpoint geocode) + 10 km uncertainty buffer (no OSM power=line within 10 km)",
    "geometry_note": "corridor proximity, not surveyed distance",
    "geometry_source": "buffered_estimate",
    "buffer_m": 10000.0,
    "center_lat": 33.533786,
    "center_lon": -84.61883
   },
   "geometry": {
    "type": "LineString",
    "coordinates": [
     [
      -84.33346165,
      33.60593095000002
     ],
     [
      -84.90419779999999,
      33.46164115000001
     ]
    ]
   }
  },
  {
   "type": "Feature",
   "properties": {
    "project_id": "GPC_47",
    "name": "POSSUM BRANCH - YATES COMMON 115KV REBUILD (YATES TO CLEM)",
    "utility": "Georgia Power",
    "type": "line",
    "endpoint_a": "POSSUM BRANCH",
    "endpoint_b": "YATES COMMON",
    "in_service_date": "2027-05-01",
    "confidence": "likely",
    "geometry_basis": "straight corridor (endpoint geocode) + 10 km uncertainty buffer (no OSM power=line within 10 km)",
    "geometry_note": "corridor proximity, not surveyed distance",
    "geometry_source": "buffered_estimate",
    "buffer_m": 10000.0,
    "center_lat": 32.156523,
    "center_lon": -84.232864
   },
   "geometry": {
    "type": "LineString",
    "coordinates": [
     [
      -83.5615298,
      30.851404600000006
     ],
     [
      -84.90419779999999,
      33.46164115000001
     ]
    ]
   }
  },
  {
   "type": "Feature",
   "properties": {
    "project_id": "GPC_48",
    "name": "CC - GULLATT ROAD TRANSMISSION IMPROVEMENTS",
    "utility": "Georgia Power",
    "type": "line",
    "endpoint_a": "GULLATT ROAD TRANSMISSION IMPROVEMENTS",
    "endpoint_b": "",
    "in_service_date": "2027-06-01",
    "confidence": "unconfirmed",
    "geometry_basis": "route-aware: point snapped to power=line OSM way 160308069 \u00b7 230000 V",
    "geometry_note": "OSM route proxy, not surveyed clearance",
    "geometry_source": "osm_snapped",
    "snap_m": 2807.1,
    "center_lat": 32.7,
    "center_lon": -83.4
   },
   "geometry": {
    "type": "Point",
    "coordinates": [
     -83.4263734,
     32.71214809999999
    ]
   }
  },
  {
   "type": "Feature",
   "properties": {
    "project_id": "GPC_49",
    "name": "CC - MICROSOFT - SHUGART (CCO06)",
    "utility": "Georgia Power",
    "type": "line",
    "endpoint_a": "MICROSOFT",
    "endpoint_b": "",
    "in_service_date": "2027-06-01",
    "confidence": "likely",
    "geometry_basis": "route-aware: point snapped to power=line OSM way 1562013310",
    "geometry_note": "OSM route proxy, not surveyed clearance",
    "geometry_source": "osm_snapped",
    "snap_m": 364.7,
    "center_lat": 33.639262,
    "center_lon": -84.517024
   },
   "geometry": {
    "type": "Point",
    "coordinates": [
     -84.5166514,
     33.6425127
    ]
   }
  },
  {
   "type": "Feature",
   "properties": {
    "project_id": "GPC_50",
    "name": "CC - SUMMER LAKE - VILLA RICA 230KV REBUILD (CC IMPROVMNT)",
    "utility": "Georgia Power",
    "type": "line",
    "endpoint_a": "SUMMER LAKE",
    "endpoint_b": "",
    "in_service_date": "2027-06-01",
    "confidence": "likely",
    "geometry_basis": "route-aware: point snapped to power=line OSM way 1082780742 \u00b7 230000 V",
    "geometry_note": "OSM route proxy, not surveyed clearance",
    "geometry_source": "osm_snapped",
    "snap_m": 276.9,
    "center_lat": 30.762495,
    "center_lon": -84.652074
   },
   "geometry": {
    "type": "Point",
    "coordinates": [
     -84.65370461938076,
     30.76455525190158
    ]
   }
  },
  {
   "type": "Feature",
   "properties": {
    "project_id": "GPC_51",
    "name": "CC - TA REALTY ELLENWOOD NETWORK IMPROVEMENTS",
    "utility": "Georgia Power",
    "type": "line",
    "endpoint_a": "TA REALTY ELLENWOOD NETWORK IMPROVEMENTS",
    "endpoint_b": "",
    "in_service_date": "2027-06-01",
    "confidence": "unconfirmed",
    "geometry_basis": "route-aware: point snapped to power=line OSM way 160308069 \u00b7 230000 V",
    "geometry_note": "OSM route proxy, not surveyed clearance",
    "geometry_source": "osm_snapped",
    "snap_m": 2807.1,
    "center_lat": 32.7,
    "center_lon": -83.4
   },
   "geometry": {
    "type": "Point",
    "coordinates": [
     -83.4263734,
     32.71214809999999
    ]
   }
  },
  {
   "type": "Feature",
   "properties": {
    "project_id": "GPC_52",
    "name": "DOYLE - LG&E MONROE 230KV - JACKS CREEK LOOP IN",
    "utility": "Georgia Power",
    "type": "line",
    "endpoint_a": "DOYLE",
    "endpoint_b": "LG&E MONROE",
    "in_service_date": "2027-06-01",
    "confidence": "unconfirmed",
    "geometry_basis": "straight corridor (endpoint geocode) + 10 km uncertainty buffer (no OSM power=line within 10 km)",
    "geometry_note": "corridor proximity, not surveyed distance",
    "geometry_source": "buffered_estimate",
    "buffer_m": 10000.0,
    "center_lat": 33.268962,
    "center_lon": -83.549393
   },
   "geometry": {
    "type": "LineString",
    "coordinates": [
     [
      -83.69878605,
      33.837924499999986
     ],
     [
      -83.4,
      32.69999999999998
     ]
    ]
   }
  },
  {
   "type": "Feature",
   "properties": {
    "project_id": "GPC_53",
    "name": "JESUP - OFFERMAN 115KV REBUILD",
    "utility": "Georgia Power",
    "type": "line",
    "endpoint_a": "JESUP",
    "endpoint_b": "OFFERMAN",
    "in_service_date": "2027-06-01",
    "confidence": "confirmed",
    "geometry_basis": "route-aware: corridor snapped to power=line OSM way 174649774 \u00b7 115000 V",
    "geometry_note": "OSM route proxy, not surveyed clearance",
    "geometry_source": "osm_snapped",
    "snap_m": 6380.9,
    "center_lat": 31.51306,
    "center_lon": -82.034338
   },
   "geometry": {
    "type": "LineString",
    "coordinates": [
     [
      -81.9688627,
      31.55958140000001
     ],
     [
      -81.9693857,
      31.55864189999999
     ],
     [
      -81.9699885,
      31.55751799999999
     ],
     [
      -81.9705681,
      31.556411000000015
     ],
     [
      -81.9711677,
      31.55527289999999
     ],
     [
      -81.9717806,
      31.554143199999995
     ],
     [
      -81.9723835,
      31.55302199999999
     ],
     [
      -81.9729797,
      31.5519008
     ],
     [
      -81.9735859,
      31.550768200000007
     ],
     [
      -81.9742055,
      31.549655499999975
     ],
     [
      -81.974815,
      31.5485513
     ],
     [
      -81.9754146,
      31.547424399999993
     ],
     [
      -81.9760208,
      31.546291799999988
     ],
     [
      -81.976627,
      31.54515629999999
     ],
     [
      -81.9772099,
      31.544040699999996
     ],
     [
      -81.9777129,
      31.543120999999985
     ],
     [
      -81.9782325,
      31.542118899999995
     ],
     [
      -81.9787754,
      31.541116799999983
     ],
     [
      -81.9793217,
      31.5401147
     ],
     [
      -81.9799313,
      31.53899899999999
     ],
     [
      -81.9805308,
      31.537869200000028
     ],
     [
      -81.9811171,
      31.536764800000004
     ],
     [
      -81.9817566,
      31.53559229999999
     ],
     [
      -81.9822829,
      31.534607199999993
     ],
     [
      -81.9828077,
      31.533594999999988
     ],
     [
      -81.9833559,
      31.532596
     ],
     [
      -81.9838691,
      31.531611800000007
     ],
     [
      -81.9843968,
      31.5306052
     ],
     [
      -81.9849712,
      31.529494300000007
     ],
     [
      -81.9856535,
      31.528378299999996
     ],
     [
      -81.9863388,
      31.52726239999999
     ],
     [
      -81.9869365,
      31.526295499999975
     ],
     [
      -81.9875605,
      31.52529889999999
     ],
     [
      -81.9880941,
      31.52440910000004
     ],
     [
      -81.9887356,
      31.52339250000001
     ],
     [
      -81.9893304,
      31.522423100000015
     ],
     [
      -81.9900127,
      31.521341900000003
     ],
     [
      -81.9906455,
      31.52037
     ],
     [
      -81.9913453,
      31.519256499999997
     ],
     [
      -81.9919838,
      31.51819009999999
     ],
     [
      -81.9925582,
      31.51722569999999
     ],
     [
      -81.9931997,
      31.516241300000015
     ],
     [
      -81.993815,
      31.5152619
     ],
     [
      -81.9944827,
      31.5141806
     ],
     [
      -81.9951096,
      31.513193800000025
     ],
     [
      -81.9957161,
      31.512216899999977
     ],
     [
      -81.9963634,
      31.511135499999984
     ],
     [
      -81.9970224,
      31.510064099999983
     ],
     [
      -81.9977222,
      31.508982699999994
     ],
     [
      -81.9984045,
      31.507876499999988
     ],
     [
      -81.9991101,
      31.50676770000001
     ],
     [
      -81.9997983,
      31.505646599999977
     ],
     [
      -82.00047760000001,
      31.504547699999993
     ],
     [
      -82.0011541,
      31.503466300000014
     ],
     [
      -82.0018452,
      31.502360000000007
     ],
     [
      -82.0025041,
      31.501248699999977
     ],
     [
      -82.0031252,
      31.500254299999998
     ],
     [
      -82.0037813,
      31.499299600000015
     ],
     [
      -82.0048397,
      31.497922199999998
     ],
     [
      -82.0058282,
      31.49681340000001
     ],
     [
      -82.0067379,
      31.49595309999998
     ],
     [
      -82.0074338,
      31.49530169999999
     ],
     [
      -82.0081098,
      31.494672899999955
     ],
     [
      -82.0085579,
      31.49430989999999
     ],
     [
      -82.0098714,
      31.494274299999994
     ],
     [
      -82.0111605,
      31.494251599999977
     ],
     [
      -82.0124995,
      31.49422889999999
     ],
     [
      -82.0138152,
      31.494209
     ],
     [
      -82.0151209,
      31.494194799999995
     ],
     [
      -82.0164666,
      31.494180599999996
     ],
     [
      -82.0177923,
      31.494174900000004
     ],
     [
      -82.0197908,
      31.493359800000007
     ],
     [
      -82.0211632,
      31.492817299999988
     ],
     [
      -82.0225521,
      31.4922549
     ],
     [
      -82.0235847,
      31.491868599999997
     ],
     [
      -82.0237604,
      31.49062429999998
     ],
     [
      -82.0238923,
      31.489427699999997
     ],
     [
      -82.0240151,
      31.488200699999986
     ],
     [
      -82.0241491,
      31.486991199999995
     ],
     [
      -82.0243516,
      31.485773800000004
     ],
     [
      -82.0244363,
      31.484729600000012
     ],
     [
      -82.0246025,
      31.483458999999982
     ],
     [
      -82.0247541,
      31.482322600000003
     ],
     [
      -82.024897,
      31.48119610000001
     ],
     [
      -82.0249932,
      31.480442700000008
     ],
     [
      -82.0254802,
      31.479442999999993
     ],
     [
      -82.0261916,
      31.478973
     ],
     [
      -82.0274017,
      31.478164799999988
     ],
     [
      -82.02842220000001,
      31.477466099999997
     ],
     [
      -82.0296761,
      31.476620599999993
     ],
     [
      -82.03082490000001,
      31.47586959999998
     ],
     [
      -82.0319912,
      31.47509619999998
     ],
     [
      -82.033802,
      31.47388259999999
     ],
     [
      -82.03500620000001,
      31.473203699999985
     ],
     [
      -82.0359655,
      31.472562099999998
     ],
     [
      -82.0366624,
      31.471965199999993
     ],
     [
      -82.0377821,
      31.471236499999986
     ],
     [
      -82.0388551,
      31.470632199999997
     ],
     [
      -82.0399106,
      31.46993340000001
     ],
     [
      -82.0409837,
      31.46923950000001
     ],
     [
      -82.0420596,
      31.4685606
     ],
     [
      -82.0432084,
      31.467749799999996
     ],
     [
      -82.0442465,
      31.466976299999992
     ],
     [
      -82.044888,
      31.466381899999984
     ],
     [
      -82.0457831,
      31.46560350000001
     ],
     [
      -82.0466724,
      31.4648201
     ],
     [
      -82.0475909,
      31.464034099999992
     ],
     [
      -82.0484774,
      31.46326059999999
     ],
     [
      -82.0493813,
      31.46246969999997
     ],
     [
      -82.0502677,
      31.461693699999994
     ],
     [
      -82.0511774,
      31.460922699999983
     ],
     [
      -82.0524895,
      31.459763699999996
     ],
     [
      -82.05352170000002,
      31.458880699999998
     ],
     [
      -82.0545131,
      31.4579977
     ],
     [
      -82.0555133,
      31.457109800000005
     ],
     [
      -82.0565251,
      31.45624169999999
     ],
     [
      -82.0575689,
      31.455358699999998
     ],
     [
      -82.0585516,
      31.4545055
     ],
     [
      -82.0595604,
      31.453644900000004
     ],
     [
      -82.0605606,
      31.452746900000015
     ],
     [
      -82.0615899,
      31.45185890000001
     ],
     [
      -82.0626133,
      31.4509883
     ],
     [
      -82.0636105,
      31.450117699999986
     ],
     [
      -82.0645844,
      31.449373900000005
     ],
     [
      -82.0655437,
      31.44863760000001
     ],
     [
      -82.0664855,
      31.447916300000013
     ],
     [
      -82.0674944,
      31.447232199999988
     ],
     [
      -82.0683925,
      31.446645099999984
     ],
     [
      -82.06940140000002,
      31.445956100000004
     ],
     [
      -82.0704161,
      31.445274499999993
     ],
     [
      -82.0715533,
      31.44451079999999
     ],
     [
      -82.0725301,
      31.443821699999994
     ],
     [
      -82.0736789,
      31.443057999999997
     ],
     [
      -82.0748307,
      31.442296699999982
     ],
     [
      -82.0759912,
      31.441520599999997
     ],
     [
      -82.07707000000002,
      31.440751899999977
     ],
     [
      -82.0782218,
      31.43999309999999
     ],
     [
      -82.0793444,
      31.439231799999998
     ],
     [
      -82.0804757,
      31.438475599999997
     ],
     [
      -82.0816508,
      31.43769689999997
     ],
     [
      -82.0827734,
      31.4369281
     ],
     [
      -82.0838989,
      31.436159399999998
     ],
     [
      -82.0850244,
      31.435408099999993
     ],
     [
      -82.08602450000001,
      31.43472639999999
     ],
     [
      -82.0870276,
      31.434052199999996
     ],
     [
      -82.0879986,
      31.433382899999973
     ],
     [
      -82.088952,
      31.432581799999976
     ],
     [
      -82.0896635,
      31.431867800000003
     ],
     [
      -82.0904566,
      31.431001900000012
     ],
     [
      -82.0913547,
      31.430009199999997
     ],
     [
      -82.0922557,
      31.42904639999999
     ],
     [
      -82.0931392,
      31.42806609999998
     ],
     [
      -82.0940198,
      31.427088300000005
     ],
     [
      -82.0949003,
      31.426125399999997
     ],
     [
      -82.0956847,
      31.42525699999999
     ],
     [
      -82.09648360000001,
      31.424376200000008
     ],
     [
      -82.0974429,
      31.423311199999983
     ],
     [
      -82.0984285,
      31.42224880000001
     ],
     [
      -82.0992274,
      31.421372900000005
     ],
     [
      -82.0999943,
      31.420519499999997
     ],
     [
      -82.1006445,
      31.41978539999999
     ],
     [
      -82.101502,
      31.418892499999984
     ],
     [
      -82.102374,
      31.417914999999994
     ],
     [
      -82.1031984,
      31.41700679999999
     ],
     [
      -82.1041179,
      31.416008999999967
     ],
     [
      -82.10499770000001,
      31.415036599999993
     ],
     [
      -82.1057285,
      31.414287700000006
     ],
     [
      -82.1072955,
      31.41577579999999
     ],
     [
      -82.1104855,
      31.418804899999994
     ],
     [
      -82.1131767,
      31.418811600000005
     ],
     [
      -82.1159015,
      31.418823499999984
     ],
     [
      -82.11857680000001,
      31.418838699999995
     ],
     [
      -82.1218427,
      31.418860700000018
     ],
     [
      -82.1240146,
      31.418869100000002
     ],
     [
      -82.1266225,
      31.418891099999993
     ],
     [
      -82.1280375,
      31.418894500000004
     ],
     [
      -82.1308297,
      31.418909700000007
     ],
     [
      -82.1337321,
      31.41892619999999
     ],
     [
      -82.1350381,
      31.418919000000006
     ],
     [
      -82.137709,
      31.4199522
     ],
     [
      -82.1405984,
      31.42103560000002
     ],
     [
      -82.1425896,
      31.42251359999999
     ],
     [
      -82.143408,
      31.42280649999999
     ]
    ]
   }
  },
  {
   "type": "Feature",
   "properties": {
    "project_id": "GPC_54",
    "name": "LAWRENCEVILLE - WINDER 115KV LINE REBUILD",
    "utility": "Georgia Power",
    "type": "line",
    "endpoint_a": "LAWRENCEVILLE",
    "endpoint_b": "WINDER",
    "in_service_date": "2027-06-01",
    "confidence": "confirmed",
    "geometry_basis": "route-aware: corridor snapped to power=line OSM way 1033094918 \u00b7 230000 V",
    "geometry_note": "OSM route proxy, not surveyed clearance",
    "geometry_source": "osm_snapped",
    "snap_m": 6095.5,
    "center_lat": 33.990768,
    "center_lon": -83.876981
   },
   "geometry": {
    "type": "LineString",
    "coordinates": [
     [
      -83.9352493,
      33.9950208
     ],
     [
      -83.93230160000002,
      33.99532549999999
     ],
     [
      -83.9285009,
      33.995688
     ],
     [
      -83.925124,
      33.99602819999999
     ],
     [
      -83.922085,
      33.995857
     ],
     [
      -83.9172249,
      33.996359499999976
     ],
     [
      -83.9131613,
      33.99671529999999
     ],
     [
      -83.910227,
      33.99695549999999
     ],
     [
      -83.9079713,
      33.997037799999994
     ],
     [
      -83.9052086,
      33.99716229999999
     ],
     [
      -83.9030145,
      33.99724230000001
     ],
     [
      -83.9007937,
      33.9973357
     ],
     [
      -83.8977681,
      33.9974669
     ],
     [
      -83.89452,
      33.99761149999998
     ],
     [
      -83.8925888,
      33.99768930000001
     ],
     [
      -83.8905825,
      33.99777600000001
     ],
     [
      -83.8840808,
      33.998054000000025
     ],
     [
      -83.8806932,
      33.99820969999999
     ],
     [
      -83.8768737,
      33.99836979999998
     ],
     [
      -83.87405470000002,
      33.99846759999998
     ],
     [
      -83.8699644,
      33.9986144
     ],
     [
      -83.8670778,
      33.998603399999986
     ],
     [
      -83.8663103,
      33.9985883
     ],
     [
      -83.8649428,
      33.998561399999986
     ],
     [
      -83.8634886,
      33.9985754
     ],
     [
      -83.8600337,
      33.99855099999998
     ],
     [
      -83.8567974,
      33.9985579
     ],
     [
      -83.8529138,
      33.998540499999976
     ],
     [
      -83.8481897,
      33.99866250000001
     ],
     [
      -83.8412631,
      33.99887149999999
     ],
     [
      -83.8387665,
      33.9989099
     ],
     [
      -83.8362489,
      33.99896559999999
     ],
     [
      -83.8308438,
      33.99909799999999
     ],
     [
      -83.8265148,
      33.9997043
     ],
     [
      -83.8219713,
      34.0002096
     ],
     [
      -83.8179616,
      34.0006869
     ],
     [
      -83.813393,
      34.001226999999986
     ],
     [
      -83.8093833,
      34.00158939999999
     ],
     [
      -83.8077988,
      34.00207719999998
     ],
     [
      -83.8040665,
      34.0022027
     ],
     [
      -83.79912800000001,
      34.002464
     ],
     [
      -83.79450470000002,
      34.002554599999996
     ],
     [
      -83.7892341,
      34.0027532
     ],
     [
      -83.7869813,
      34.00281939999998
     ],
     [
      -83.7842913,
      34.002923900000006
     ],
     [
      -83.7802565,
      34.003080699999984
     ],
     [
      -83.7759274,
      34.00323399999999
     ],
     [
      -83.7736115,
      34.00235599999998
     ],
     [
      -83.7688411,
      34.000627699999995
     ],
     [
      -83.7648652,
      33.9992085
     ],
     [
      -83.7616625,
      33.99802809999999
     ],
     [
      -83.7570755,
      33.99633399999999
     ],
     [
      -83.7539992,
      33.99501789999998
     ],
     [
      -83.7536851,
      33.9954283
     ]
    ]
   }
  },
  {
   "type": "Feature",
   "properties": {
    "project_id": "GPC_55",
    "name": "LAWRENCEVILLE - WINDER PRIMARY 230KV LINE REBUILD",
    "utility": "Georgia Power",
    "type": "line",
    "endpoint_a": "LAWRENCEVILLE",
    "endpoint_b": "WINDER PRIMARY",
    "in_service_date": "2027-06-01",
    "confidence": "likely",
    "geometry_basis": "route-aware: corridor snapped to power=line OSM way 1033094918 \u00b7 230000 V",
    "geometry_note": "OSM route proxy, not surveyed clearance",
    "geometry_source": "osm_snapped",
    "snap_m": 6095.5,
    "center_lat": 33.99072,
    "center_lon": -83.876965
   },
   "geometry": {
    "type": "LineString",
    "coordinates": [
     [
      -83.9352493,
      33.9950208
     ],
     [
      -83.93230160000002,
      33.99532549999999
     ],
     [
      -83.9285009,
      33.995688
     ],
     [
      -83.925124,
      33.99602819999999
     ],
     [
      -83.922085,
      33.995857
     ],
     [
      -83.9172249,
      33.996359499999976
     ],
     [
      -83.9131613,
      33.99671529999999
     ],
     [
      -83.910227,
      33.99695549999999
     ],
     [
      -83.9079713,
      33.997037799999994
     ],
     [
      -83.9052086,
      33.99716229999999
     ],
     [
      -83.9030145,
      33.99724230000001
     ],
     [
      -83.9007937,
      33.9973357
     ],
     [
      -83.8977681,
      33.9974669
     ],
     [
      -83.89452,
      33.99761149999998
     ],
     [
      -83.8925888,
      33.99768930000001
     ],
     [
      -83.8905825,
      33.99777600000001
     ],
     [
      -83.8840808,
      33.998054000000025
     ],
     [
      -83.8806932,
      33.99820969999999
     ],
     [
      -83.8768737,
      33.99836979999998
     ],
     [
      -83.87405470000002,
      33.99846759999998
     ],
     [
      -83.8699644,
      33.9986144
     ],
     [
      -83.8670778,
      33.998603399999986
     ],
     [
      -83.8663103,
      33.9985883
     ],
     [
      -83.8649428,
      33.998561399999986
     ],
     [
      -83.8634886,
      33.9985754
     ],
     [
      -83.8600337,
      33.99855099999998
     ],
     [
      -83.8567974,
      33.9985579
     ],
     [
      -83.8529138,
      33.998540499999976
     ],
     [
      -83.8481897,
      33.99866250000001
     ],
     [
      -83.8412631,
      33.99887149999999
     ],
     [
      -83.8387665,
      33.9989099
     ],
     [
      -83.8362489,
      33.99896559999999
     ],
     [
      -83.8308438,
      33.99909799999999
     ],
     [
      -83.8265148,
      33.9997043
     ],
     [
      -83.8219713,
      34.0002096
     ],
     [
      -83.8179616,
      34.0006869
     ],
     [
      -83.813393,
      34.001226999999986
     ],
     [
      -83.8093833,
      34.00158939999999
     ],
     [
      -83.8077988,
      34.00207719999998
     ],
     [
      -83.8040665,
      34.0022027
     ],
     [
      -83.79912800000001,
      34.002464
     ],
     [
      -83.79450470000002,
      34.002554599999996
     ],
     [
      -83.7892341,
      34.0027532
     ],
     [
      -83.7869813,
      34.00281939999998
     ],
     [
      -83.7842913,
      34.002923900000006
     ],
     [
      -83.7802565,
      34.003080699999984
     ],
     [
      -83.7759274,
      34.00323399999999
     ],
     [
      -83.7736115,
      34.00235599999998
     ],
     [
      -83.7688411,
      34.000627699999995
     ],
     [
      -83.7648652,
      33.9992085
     ],
     [
      -83.7616625,
      33.99802809999999
     ],
     [
      -83.7570755,
      33.99633399999999
     ],
     [
      -83.7539992,
      33.99501789999998
     ],
     [
      -83.7536851,
      33.9954283
     ]
    ]
   }
  },
  {
   "type": "Feature",
   "properties": {
    "project_id": "GPC_56",
    "name": "SANDERSVILLE #1 - WADLEY PRI. 115KV REBUILD/RECONDUCTOR",
    "utility": "Georgia Power",
    "type": "line",
    "endpoint_a": "SANDERSVILLE #1",
    "endpoint_b": "WADLEY PRI.",
    "in_service_date": "2027-06-01",
    "confidence": "unconfirmed",
    "geometry_basis": "straight corridor (endpoint geocode) + 10 km uncertainty buffer (no OSM power=line within 10 km)",
    "geometry_note": "corridor proximity, not surveyed distance",
    "geometry_source": "buffered_estimate",
    "buffer_m": 10000.0,
    "center_lat": 32.972193,
    "center_lon": -83.159875
   },
   "geometry": {
    "type": "LineString",
    "coordinates": [
     [
      -82.919749,
      33.244385
     ],
     [
      -83.4,
      32.69999999999998
     ]
    ]
   }
  },
  {
   "type": "Feature",
   "properties": {
    "project_id": "GPC_3",
    "name": "SAV: GOSHEN (SAV) - MCINTOSH 115KV LINE REBUILD",
    "utility": "Georgia Power",
    "type": "line",
    "endpoint_a": "GOSHEN",
    "endpoint_b": "MCINTOSH",
    "in_service_date": "2027-06-01",
    "confidence": "confirmed",
    "geometry_basis": "route-aware: corridor snapped to power=line OSM way 1015932064 \u00b7 115000 V",
    "geometry_note": "OSM route proxy, not surveyed clearance",
    "geometry_source": "osm_snapped",
    "snap_m": 642.5,
    "center_lat": 32.300409,
    "center_lon": -81.195789
   },
   "geometry": {
    "type": "LineString",
    "coordinates": [
     [
      -81.2093621,
      32.248896499999994
     ],
     [
      -81.2090274,
      32.24917319999997
     ],
     [
      -81.2081944,
      32.24838499999998
     ],
     [
      -81.2076467,
      32.2478928
     ],
     [
      -81.2066881,
      32.24713680000001
     ],
     [
      -81.2054595,
      32.246181299999996
     ],
     [
      -81.20452000000002,
      32.245460699999995
     ],
     [
      -81.2035766,
      32.24471109999999
     ],
     [
      -81.2026181,
      32.24398399999999
     ],
     [
      -81.2016862,
      32.24330199999999
     ],
     [
      -81.2014656,
      32.24433789999999
     ],
     [
      -81.2012373,
      32.24537709999999
     ],
     [
      -81.2010015,
      32.246409700000015
     ],
     [
      -81.20077710000001,
      32.24750349999999
     ],
     [
      -81.2005489,
      32.248526500000025
     ],
     [
      -81.20032060000001,
      32.249568799999984
     ],
     [
      -81.2000924,
      32.25062719999999
     ],
     [
      -81.1998756,
      32.25166949999999
     ],
     [
      -81.1996436,
      32.25272139999997
     ],
     [
      -81.1994153,
      32.253766900000024
     ],
     [
      -81.1991833,
      32.25479939999999
     ],
     [
      -81.1989703,
      32.2558578
     ],
     [
      -81.1987345,
      32.25691609999998
     ],
     [
      -81.1985291,
      32.25790039999999
     ],
     [
      -81.1983465,
      32.258936099999985
     ],
     [
      -81.1981107,
      32.26002650000001
     ],
     [
      -81.1978824,
      32.26112979999998
     ],
     [
      -81.1976276,
      32.26217200000001
     ],
     [
      -81.1973918,
      32.26324949999999
     ],
     [
      -81.1971978,
      32.26427549999997
     ],
     [
      -81.1969809,
      32.26531439999999
     ],
     [
      -81.1967489,
      32.26636619999999
     ],
     [
      -81.1965283,
      32.26739539999999
     ],
     [
      -81.1962925,
      32.268453599999994
     ],
     [
      -81.19603,
      32.26950209999998
     ],
     [
      -81.1958322,
      32.27060199999999
     ],
     [
      -81.1958436,
      32.27155719999999
     ],
     [
      -81.1958665,
      32.27255099999998
     ],
     [
      -81.1958969,
      32.27354479999999
     ],
     [
      -81.19588170000002,
      32.274625400000005
     ],
     [
      -81.1958208,
      32.27560309999998
     ],
     [
      -81.1957904,
      32.27662260000001
     ],
     [
      -81.1957714,
      32.2776099
     ],
     [
      -81.1957485,
      32.27860039999999
     ],
     [
      -81.1956991,
      32.27957159999998
     ],
     [
      -81.195642,
      32.28057819999999
     ],
     [
      -81.1956192,
      32.281722999999985
     ],
     [
      -81.1956002,
      32.2828903
     ],
     [
      -81.1955583,
      32.28376499999999
     ],
     [
      -81.1955089,
      32.2851317
     ],
     [
      -81.1954823,
      32.28616389999999
     ],
     [
      -81.1954709,
      32.28717360000001
     ],
     [
      -81.1954328,
      32.2882766
     ],
     [
      -81.1953986,
      32.28929269999999
     ],
     [
      -81.1953682,
      32.290363499999984
     ],
     [
      -81.1953377,
      32.29143099999999
     ],
     [
      -81.1953073,
      32.292453499999986
     ],
     [
      -81.1952617,
      32.29350169999999
     ],
     [
      -81.1952198,
      32.294459899999964
     ],
     [
      -81.1951932,
      32.2955885
     ],
     [
      -81.1950943,
      32.29661099999999
     ],
     [
      -81.1949764,
      32.2976431
     ],
     [
      -81.194847,
      32.29867519999998
     ],
     [
      -81.1947405,
      32.29971050000002
     ],
     [
      -81.1946226,
      32.300703900000016
     ],
     [
      -81.1945123,
      32.3017521
     ],
     [
      -81.194402,
      32.30278089999999
     ],
     [
      -81.1942879,
      32.303796899999995
     ],
     [
      -81.19417,
      32.304803199999995
     ],
     [
      -81.1940711,
      32.305934799999996
     ],
     [
      -81.1939494,
      32.3068736
     ],
     [
      -81.1936527,
      32.30789910000001
     ],
     [
      -81.1933294,
      32.308927899999986
     ],
     [
      -81.1930136,
      32.30994379999999
     ],
     [
      -81.1926485,
      32.3111525
     ],
     [
      -81.1923936,
      32.31202699999999
     ],
     [
      -81.1920855,
      32.313029900000004
     ],
     [
      -81.1917698,
      32.314039399999984
     ],
     [
      -81.1914579,
      32.31507769999999
     ],
     [
      -81.1911536,
      32.3160871
     ],
     [
      -81.1908303,
      32.317099699999986
     ],
     [
      -81.1905184,
      32.31812190000002
     ],
     [
      -81.1902103,
      32.31915369999999
     ],
     [
      -81.1899022,
      32.320179199999984
     ],
     [
      -81.1895751,
      32.3211981
     ],
     [
      -81.1892746,
      32.32221390000001
     ],
     [
      -81.1889665,
      32.323242500000006
     ],
     [
      -81.1886583,
      32.3242839
     ],
     [
      -81.1883502,
      32.325299599999994
     ],
     [
      -81.1880079,
      32.326385999999985
     ],
     [
      -81.1877493,
      32.32730849999999
     ],
     [
      -81.1874716,
      32.32827280000001
     ],
     [
      -81.1871254,
      32.329407399999994
     ],
     [
      -81.1868493,
      32.3302778
     ],
     [
      -81.1865018,
      32.33141769999998
     ],
     [
      -81.185907,
      32.3333886
     ],
     [
      -81.1852714,
      32.33545789999999
     ],
     [
      -81.1846649,
      32.3374435
     ],
     [
      -81.1840351,
      32.3395965
     ],
     [
      -81.1834578,
      32.341557399999985
     ],
     [
      -81.1820875,
      32.3432127
     ],
     [
      -81.1806828,
      32.34489709999998
     ],
     [
      -81.1793606,
      32.34643709999998
     ],
     [
      -81.1783671,
      32.34658259999999
     ],
     [
      -81.17749080000002,
      32.34766319999999
     ],
     [
      -81.1765858305564,
      32.34869213588404
     ]
    ]
   }
  },
  {
   "type": "Feature",
   "properties": {
    "project_id": "GPC_57",
    "name": "CC - TOMOCHICHI 500/230KV SOLUTION (CC NETWORK IMPROVEMENTS)",
    "utility": "Georgia Power",
    "type": "line",
    "endpoint_a": "TOMOCHICHI",
    "endpoint_b": "",
    "in_service_date": "2027-07-15",
    "confidence": "likely",
    "geometry_basis": "route-aware: point snapped to power=line OSM way 1067340832",
    "geometry_note": "OSM route proxy, not surveyed clearance",
    "geometry_source": "osm_snapped",
    "snap_m": 77.4,
    "center_lat": 32.078141,
    "center_lon": -81.092907
   },
   "geometry": {
    "type": "Point",
    "coordinates": [
     -81.09313491534495,
     32.07747333025419
    ]
   }
  },
  {
   "type": "Feature",
   "properties": {
    "project_id": "GPC_58",
    "name": "GRID - ARKWRIGHT - LLOYD SHOALS 115KV",
    "utility": "Georgia Power",
    "type": "line",
    "endpoint_a": "GRID",
    "endpoint_b": "ARKWRIGHT",
    "in_service_date": "2027-07-30",
    "confidence": "likely",
    "geometry_basis": "straight corridor (endpoint geocode) + 10 km uncertainty buffer (no OSM power=line within 10 km)",
    "geometry_note": "corridor proximity, not surveyed distance",
    "geometry_source": "buffered_estimate",
    "buffer_m": 10000.0,
    "center_lat": 33.340612,
    "center_lon": -84.039632
   },
   "geometry": {
    "type": "LineString",
    "coordinates": [
     [
      -84.3804241,
      33.754094099999996
     ],
     [
      -83.69884066299994,
      32.92712945500005
     ]
    ]
   }
  },
  {
   "type": "Feature",
   "properties": {
    "project_id": "GPC_59",
    "name": "ATHENA - EAST WATKINSVILLE 115 KV (REBUILD)",
    "utility": "Georgia Power",
    "type": "line",
    "endpoint_a": "ATHENA",
    "endpoint_b": "EAST WATKINSVILLE",
    "in_service_date": "2027-12-31",
    "confidence": "confirmed",
    "geometry_basis": "route-aware: corridor snapped to power=line OSM way 1035037382 \u00b7 115000 V",
    "geometry_note": "OSM route proxy, not surveyed clearance",
    "geometry_source": "osm_snapped",
    "snap_m": 6554.1,
    "center_lat": 33.918497,
    "center_lon": -83.365297
   },
   "geometry": {
    "type": "LineString",
    "coordinates": [
     [
      -83.3920971,
      33.93172689999997
     ],
     [
      -83.3925002,
      33.93189229999999
     ],
     [
      -83.3929049,
      33.931524099999976
     ],
     [
      -83.3929328,
      33.93110929999999
     ],
     [
      -83.3927158,
      33.930533499999996
     ],
     [
      -83.3921754,
      33.9297187
     ],
     [
      -83.3919647,
      33.92937970000001
     ],
     [
      -83.3915996,
      33.928820899999984
     ],
     [
      -83.39123260000001,
      33.92855440000001
     ],
     [
      -83.3908896,
      33.9282317
     ],
     [
      -83.3902943,
      33.927710599999976
     ],
     [
      -83.38965420000001,
      33.927106900000005
     ],
     [
      -83.3895755,
      33.92642989999999
     ],
     [
      -83.3900878,
      33.925871599999994
     ],
     [
      -83.3908459,
      33.925180399999995
     ],
     [
      -83.3914664,
      33.9246024
     ],
     [
      -83.3917774,
      33.924324799999994
     ],
     [
      -83.3912336,
      33.92373789999999
     ],
     [
      -83.3897894,
      33.923419900000006
     ],
     [
      -83.3890747,
      33.9232475
     ],
     [
      -83.3881801,
      33.92305669999999
     ],
     [
      -83.3871073,
      33.92280479999999
     ],
     [
      -83.3860271,
      33.92256389999999
     ],
     [
      -83.3846816,
      33.92226429999999
     ],
     [
      -83.3829161,
      33.921885200000006
     ],
     [
      -83.3815338,
      33.921588099999994
     ],
     [
      -83.3806482,
      33.92097909999998
     ],
     [
      -83.3814263,
      33.918648299999994
     ],
     [
      -83.3818934,
      33.917210100000005
     ],
     [
      -83.3824313,
      33.91561539999999
     ],
     [
      -83.3829353,
      33.91411359999999
     ],
     [
      -83.38323450000001,
      33.9132037
     ],
     [
      -83.3839374,
      33.911101399999986
     ],
     [
      -83.3843559,
      33.909911400000006
     ],
     [
      -83.3846576,
      33.9089973
     ],
     [
      -83.3851635,
      33.9074641
     ],
     [
      -83.3858429,
      33.9054362
     ],
     [
      -83.3862795,
      33.9041017
     ],
     [
      -83.3870121,
      33.90196069999999
     ],
     [
      -83.3878851,
      33.8992955
     ],
     [
      -83.3882959,
      33.89813899999999
     ],
     [
      -83.3889121,
      33.8963389
     ],
     [
      -83.3894513,
      33.89470070000001
     ],
     [
      -83.3901702,
      33.892550999999976
     ],
     [
      -83.3907436,
      33.8908346
     ],
     [
      -83.3912806,
      33.88922999999999
     ],
     [
      -83.3922363,
      33.886424200000015
     ],
     [
      -83.392642,
      33.88518089999999
     ],
     [
      -83.3934516,
      33.88276660000001
     ],
     [
      -83.3940815,
      33.88086669999999
     ],
     [
      -83.3944136,
      33.87987049999998
     ],
     [
      -83.3947251,
      33.878985199999995
     ],
     [
      -83.3932976,
      33.877687800000004
     ],
     [
      -83.3921354,
      33.87669439999998
     ],
     [
      -83.3920686,
      33.87573799999999
     ],
     [
      -83.3919642,
      33.87409229999999
     ],
     [
      -83.3918615,
      33.87237129999998
     ],
     [
      -83.3917223,
      33.8705078
     ],
     [
      -83.391646,
      33.869512099999994
     ],
     [
      -83.3916299,
      33.86876429999999
     ],
     [
      -83.3918215,
      33.86678549999997
     ],
     [
      -83.39098790000001,
      33.8666896
     ],
     [
      -83.3878427,
      33.8663176
     ],
     [
      -83.3842911,
      33.86592839999999
     ],
     [
      -83.3847506,
      33.86418729999998
     ],
     [
      -83.3852748,
      33.86223529999999
     ],
     [
      -83.3850647,
      33.86108659999999
     ]
    ]
   }
  },
  {
   "type": "Feature",
   "properties": {
    "project_id": "GPC_60",
    "name": "CC - HILL VIEW & GRASSY HOLLOW SUB - CC IMPROVEMENTS",
    "utility": "Georgia Power",
    "type": "substation",
    "endpoint_a": "HILL VIEW",
    "endpoint_b": "",
    "in_service_date": "2027-12-31",
    "confidence": "unconfirmed",
    "geometry_basis": "straight fallback: geocoded point (no OSM power=line within 10 km)",
    "geometry_note": "corridor proximity, not surveyed distance",
    "geometry_source": "straight_fallback",
    "buffer_m": 10000.0,
    "center_lat": 35.440439,
    "center_lon": -77.667196
   },
   "geometry": {
    "type": "Point",
    "coordinates": [
     -77.6671963,
     35.440439500000004
    ]
   }
  },
  {
   "type": "Feature",
   "properties": {
    "project_id": "GPC_61",
    "name": "DYER ROAD - EAST ROANOKE 115KV (REBUILD)",
    "utility": "Georgia Power",
    "type": "line",
    "endpoint_a": "DYER ROAD",
    "endpoint_b": "EAST ROANOKE",
    "in_service_date": "2027-12-31",
    "confidence": "likely",
    "geometry_basis": "straight corridor (endpoint geocode) + 10 km uncertainty buffer (no OSM power=line within 10 km)",
    "geometry_note": "corridor proximity, not surveyed distance",
    "geometry_source": "buffered_estimate",
    "buffer_m": 10000.0,
    "center_lat": 33.311563,
    "center_lon": -84.257488
   },
   "geometry": {
    "type": "LineString",
    "coordinates": [
     [
      -85.2672835,
      34.91719189999999
     ],
     [
      -83.2476923,
      31.705934099999975
     ]
    ]
   }
  },
  {
   "type": "Feature",
   "properties": {
    "project_id": "GPC_62",
    "name": "AULTMAN ROAD-PERRY 115KV LINE REBUILD",
    "utility": "Georgia Power",
    "type": "line",
    "endpoint_a": "AULTMAN ROAD-PERRY",
    "endpoint_b": "",
    "in_service_date": "2028-06-01",
    "confidence": "confirmed",
    "geometry_basis": "route-aware: point snapped to power=line OSM way 177850726 \u00b7 115000 V",
    "geometry_note": "OSM route proxy, not surveyed clearance",
    "geometry_source": "osm_snapped",
    "snap_m": 7.4,
    "center_lat": 32.455453,
    "center_lon": -83.702007
   },
   "geometry": {
    "type": "Point",
    "coordinates": [
     -83.70193047222116,
     32.455436604637335
    ]
   }
  },
  {
   "type": "Feature",
   "properties": {
    "project_id": "GPC_63",
    "name": "CC - EAST VILLA RICA AREA SWITCHING STATION (CC IMPROVEMENT)",
    "utility": "Georgia Power",
    "type": "substation",
    "endpoint_a": "EAST VILLA RICA AREA SWITCHING STATION",
    "endpoint_b": "",
    "in_service_date": "2028-06-01",
    "confidence": "confirmed",
    "geometry_basis": "route-aware: point snapped to power=line OSM way 595868331 \u00b7 500000 V",
    "geometry_note": "OSM route proxy, not surveyed clearance",
    "geometry_source": "osm_snapped",
    "snap_m": 0.5,
    "center_lat": 33.740728,
    "center_lon": -84.856346
   },
   "geometry": {
    "type": "Point",
    "coordinates": [
     -84.85634452959097,
     33.740724114061145
    ]
   }
  },
  {
   "type": "Feature",
   "properties": {
    "project_id": "GPC_64",
    "name": "CC - VILLA RICA UPGRADES (CC NETWORK IMPROVEMENTS)",
    "utility": "Georgia Power",
    "type": "line",
    "endpoint_a": "VILLA RICA UPGRADES",
    "endpoint_b": "",
    "in_service_date": "2028-06-01",
    "confidence": "confirmed",
    "geometry_basis": "route-aware: point snapped to power=line OSM way 595868331 \u00b7 500000 V",
    "geometry_note": "OSM route proxy, not surveyed clearance",
    "geometry_source": "osm_snapped",
    "snap_m": 0.5,
    "center_lat": 33.740728,
    "center_lon": -84.856346
   },
   "geometry": {
    "type": "Point",
    "coordinates": [
     -84.85634452959097,
     33.740724114061145
    ]
   }
  },
  {
   "type": "Feature",
   "properties": {
    "project_id": "GPC_65",
    "name": "FITZGERALD - PITTS 115 KV LINE REBUILD",
    "utility": "Georgia Power",
    "type": "line",
    "endpoint_a": "FITZGERALD",
    "endpoint_b": "PITTS",
    "in_service_date": "2028-06-01",
    "confidence": "confirmed",
    "geometry_basis": "straight corridor (endpoint geocode) + 10 km uncertainty buffer (no OSM power=line within 10 km)",
    "geometry_note": "corridor proximity, not surveyed distance",
    "geometry_source": "buffered_estimate",
    "buffer_m": 10000.0,
    "center_lat": 31.857956,
    "center_lon": -83.427605
   },
   "geometry": {
    "type": "LineString",
    "coordinates": [
     [
      -83.29241139999999,
      31.72933455
     ],
     [
      -83.56279799999999,
      31.98657800000005
     ]
    ]
   }
  },
  {
   "type": "Feature",
   "properties": {
    "project_id": "GPC_66",
    "name": "JACK MCDONOUGH - NORTHWEST (BLACK) 230KV RECONDUCTOR",
    "utility": "Georgia Power",
    "type": "line",
    "endpoint_a": "JACK MCDONOUGH",
    "endpoint_b": "NORTHWEST",
    "in_service_date": "2028-06-01",
    "confidence": "unconfirmed",
    "geometry_basis": "straight corridor (endpoint geocode) + 10 km uncertainty buffer (no OSM power=line within 10 km)",
    "geometry_note": "corridor proximity, not surveyed distance",
    "geometry_source": "buffered_estimate",
    "buffer_m": 10000.0,
    "center_lat": 31.739467,
    "center_lon": -83.408287
   },
   "geometry": {
    "type": "LineString",
    "coordinates": [
     [
      -84.47677999999996,
      33.822838000000054
     ],
     [
      -82.3397947,
      29.65609529999999
     ]
    ]
   }
  },
  {
   "type": "Feature",
   "properties": {
    "project_id": "GPC_67",
    "name": "PITTMAN ROAD - WEST POINT DAM (USA) 115KV REBUILD",
    "utility": "Georgia Power",
    "type": "line",
    "endpoint_a": "PITTMAN ROAD",
    "endpoint_b": "WEST POINT DAM",
    "in_service_date": "2028-06-01",
    "confidence": "likely",
    "geometry_basis": "straight corridor (endpoint geocode) + 10 km uncertainty buffer (no OSM power=line within 10 km)",
    "geometry_note": "corridor proximity, not surveyed distance",
    "geometry_source": "buffered_estimate",
    "buffer_m": 10000.0,
    "center_lat": 33.279924,
    "center_lon": -84.887556
   },
   "geometry": {
    "type": "LineString",
    "coordinates": [
     [
      -84.5847216,
      33.64122540000001
     ],
     [
      -85.19038985,
      32.9186235
     ]
    ]
   }
  },
  {
   "type": "Feature",
   "properties": {
    "project_id": "GPC_68",
    "name": "PLANT YATES BREAKER AND HALF STATION",
    "utility": "Georgia Power",
    "type": "plant",
    "endpoint_a": "PLANT YATES BREAKER",
    "endpoint_b": "",
    "in_service_date": "2028-06-01",
    "confidence": "confirmed",
    "geometry_basis": "route-aware: point snapped to power=line OSM way 1024438727 \u00b7 230000 V",
    "geometry_note": "OSM route proxy, not surveyed clearance",
    "geometry_source": "osm_snapped",
    "snap_m": 0.2,
    "center_lat": 33.461274,
    "center_lon": -84.896518
   },
   "geometry": {
    "type": "Point",
    "coordinates": [
     -84.89651919805873,
     33.46127253725398
    ]
   }
  },
  {
   "type": "Feature",
   "properties": {
    "project_id": "GPC_69",
    "name": "SMART VALVES AT EAST VILLA RICA SWITCHING STATION",
    "utility": "Georgia Power",
    "type": "substation",
    "endpoint_a": "SMART VALVES AT EAST VILLA RICA SWITCHING STATION",
    "endpoint_b": "",
    "in_service_date": "2028-06-01",
    "confidence": "confirmed",
    "geometry_basis": "route-aware: point snapped to power=line OSM way 595868331 \u00b7 500000 V",
    "geometry_note": "OSM route proxy, not surveyed clearance",
    "geometry_source": "osm_snapped",
    "snap_m": 0.5,
    "center_lat": 33.740728,
    "center_lon": -84.856346
   },
   "geometry": {
    "type": "Point",
    "coordinates": [
     -84.85634452959097,
     33.740724114061145
    ]
   }
  },
  {
   "type": "Feature",
   "properties": {
    "project_id": "GPC_70",
    "name": "SOUTH MACON 115KV BUSES 1 & 2 REPLACEMENT",
    "utility": "Georgia Power",
    "type": "line",
    "endpoint_a": "SOUTH MACON",
    "endpoint_b": "",
    "in_service_date": "2028-06-01",
    "confidence": "confirmed",
    "geometry_basis": "route-aware: point snapped to power=line OSM way 160308074 \u00b7 115000 V",
    "geometry_note": "OSM route proxy, not surveyed clearance",
    "geometry_source": "osm_snapped",
    "snap_m": 11.4,
    "center_lat": 32.608771,
    "center_lon": -83.614318
   },
   "geometry": {
    "type": "Point",
    "coordinates": [
     -83.61436369071144,
     32.60867675020143
    ]
   }
  },
  {
   "type": "Feature",
   "properties": {
    "project_id": "GPC_71",
    "name": "UNION CITY - YATES 230KV (BLACK) LINE REBUILD",
    "utility": "Georgia Power",
    "type": "line",
    "endpoint_a": "UNION CITY",
    "endpoint_b": "YATES",
    "in_service_date": "2028-06-01",
    "confidence": "confirmed",
    "geometry_basis": "straight corridor (endpoint geocode) + 10 km uncertainty buffer (no OSM power=line within 10 km)",
    "geometry_note": "corridor proximity, not surveyed distance",
    "geometry_source": "buffered_estimate",
    "buffer_m": 10000.0,
    "center_lat": 33.507159,
    "center_lon": -84.702997
   },
   "geometry": {
    "type": "LineString",
    "coordinates": [
     [
      -84.50947594099995,
      33.553044421000045
     ],
     [
      -84.89651825599998,
      33.461273875000074
     ]
    ]
   }
  },
  {
   "type": "Feature",
   "properties": {
    "project_id": "GPC_72",
    "name": "FIRST AVENUE - NORTH COLUMBUS 115KV LINE REBUILD",
    "utility": "Georgia Power",
    "type": "line",
    "endpoint_a": "FIRST AVENUE",
    "endpoint_b": "NORTH COLUMBUS",
    "in_service_date": "2028-12-01",
    "confidence": "likely",
    "geometry_basis": "straight corridor (endpoint geocode) + 10 km uncertainty buffer (no OSM power=line within 10 km)",
    "geometry_note": "corridor proximity, not surveyed distance",
    "geometry_source": "buffered_estimate",
    "buffer_m": 10000.0,
    "center_lat": 32.278882,
    "center_lon": -82.907892
   },
   "geometry": {
    "type": "LineString",
    "coordinates": [
     [
      -80.8509207,
      31.990251199999985
     ],
     [
      -84.9648625,
      32.56751259999999
     ]
    ]
   }
  },
  {
   "type": "Feature",
   "properties": {
    "project_id": "GPC_73",
    "name": "ASHLEY PARK-WANSLEY 500KV",
    "utility": "Georgia Power",
    "type": "line",
    "endpoint_a": "ASHLEY PARK-WANSLEY",
    "endpoint_b": "",
    "in_service_date": "2029-06-01",
    "confidence": "confirmed",
    "geometry_basis": "route-aware: point snapped to power=line OSM way 1024340313 \u00b7 230000 V",
    "geometry_note": "OSM route proxy, not surveyed clearance",
    "geometry_source": "osm_snapped",
    "snap_m": 6.3,
    "center_lat": 33.412338,
    "center_lon": -85.033575
   },
   "geometry": {
    "type": "Point",
    "coordinates": [
     -85.0336095,
     33.4122895
    ]
   }
  },
  {
   "type": "Feature",
   "properties": {
    "project_id": "GPC_74",
    "name": "BLAKELY PRIMARY - HUCKLEBERRY 115KV REBUILD",
    "utility": "Georgia Power",
    "type": "line",
    "endpoint_a": "BLAKELY PRIMARY",
    "endpoint_b": "HUCKLEBERRY",
    "in_service_date": "2029-06-01",
    "confidence": "likely",
    "geometry_basis": "straight corridor (endpoint geocode) + 10 km uncertainty buffer (no OSM power=line within 10 km)",
    "geometry_note": "corridor proximity, not surveyed distance",
    "geometry_source": "buffered_estimate",
    "buffer_m": 10000.0,
    "center_lat": 31.188107,
    "center_lon": -83.731809
   },
   "geometry": {
    "type": "LineString",
    "coordinates": [
     [
      -84.90598025,
      31.371554000000014
     ],
     [
      -82.5576372,
      31.004659500000006
     ]
    ]
   }
  },
  {
   "type": "Feature",
   "properties": {
    "project_id": "GPC_75",
    "name": "BROADWAY - ECHECONNEE 115 KV LINE REBUILD",
    "utility": "Georgia Power",
    "type": "line",
    "endpoint_a": "BROADWAY",
    "endpoint_b": "ECHECONNEE",
    "in_service_date": "2029-06-01",
    "confidence": "likely",
    "geometry_basis": "route-aware: corridor snapped to power=line OSM way 1050197007 \u00b7 115000 V",
    "geometry_note": "OSM route proxy, not surveyed clearance",
    "geometry_source": "osm_snapped",
    "snap_m": 6289.4,
    "center_lat": 32.728929,
    "center_lon": -83.679632
   },
   "geometry": {
    "type": "LineString",
    "coordinates": [
     [
      -83.658801245209,
      32.7163367021602
     ],
     [
      -83.6591626,
      32.7163367
     ],
     [
      -83.6591626,
      32.71555729999999
     ],
     [
      -83.6591603,
      32.71473219999998
     ],
     [
      -83.659183,
      32.71349739999999
     ],
     [
      -83.6591875,
      32.712405399999994
     ],
     [
      -83.6592419,
      32.71148119999999
     ],
     [
      -83.6593325,
      32.71093240000001
     ],
     [
      -83.65947290000001,
      32.71029399999998
     ],
     [
      -83.6596178,
      32.709720299999994
     ],
     [
      -83.6598828,
      32.70904759999999
     ],
     [
      -83.6602158,
      32.708273899999995
     ],
     [
      -83.6607027,
      32.7074297
     ],
     [
      -83.6612531,
      32.706613999999995
     ],
     [
      -83.66184870000001,
      32.7058936
     ],
     [
      -83.6625893,
      32.7051713
     ],
     [
      -83.663493,
      32.704386099999994
     ],
     [
      -83.6643491,
      32.703722899999974
     ],
     [
      -83.6650331,
      32.70316829999998
     ],
     [
      -83.6657624,
      32.7025947
     ],
     [
      -83.6664554,
      32.70205909999999
     ],
     [
      -83.6672028,
      32.701443499999996
     ],
     [
      -83.6688517,
      32.70016279999997
     ],
     [
      -83.66980060000002,
      32.69938129999999
     ],
     [
      -83.6713362,
      32.698176800000006
     ],
     [
      -83.6722741,
      32.6974239
     ],
     [
      -83.6736604,
      32.69625280000001
     ],
     [
      -83.6744917,
      32.69560639999999
     ],
     [
      -83.6754493,
      32.694851499999984
     ],
     [
      -83.6764068,
      32.694096599999995
     ],
     [
      -83.6773696,
      32.693330499999995
     ],
     [
      -83.6781966,
      32.69268049999999
     ],
     [
      -83.6799881,
      32.69127019999999
     ],
     [
      -83.6808878,
      32.690532899999994
     ],
     [
      -83.6818638,
      32.689753599999996
     ],
     [
      -83.6808378,
      32.68871529999999
     ],
     [
      -83.6819769,
      32.6878341
     ],
     [
      -83.6835179,
      32.6886307
     ],
     [
      -83.6845906,
      32.68801609999997
     ],
     [
      -83.6858565,
      32.6874283
     ],
     [
      -83.6867177,
      32.687052400000006
     ],
     [
      -83.6877098,
      32.68662150000001
     ],
     [
      -83.6890092,
      32.686037999999996
     ],
     [
      -83.6903019,
      32.68547559999999
     ],
     [
      -83.6914754,
      32.68498669999998
     ],
     [
      -83.692627,
      32.684485099999996
     ],
     [
      -83.6938156,
      32.683975000000004
     ],
     [
      -83.6949437,
      32.6834635
     ],
     [
      -83.6961088,
      32.682983099999994
     ],
     [
      -83.6969633,
      32.682614299999976
     ],
     [
      -83.6980864,
      32.682084499999974
     ]
    ]
   }
  },
  {
   "type": "Feature",
   "properties": {
    "project_id": "GPC_76",
    "name": "BUTLER - THOMASTON 230KV LINE CONVERSION",
    "utility": "Georgia Power",
    "type": "line",
    "endpoint_a": "BUTLER",
    "endpoint_b": "THOMASTON",
    "in_service_date": "2029-06-01",
    "confidence": "likely",
    "geometry_basis": "route-aware: corridor snapped to power=line OSM way 170999701 \u00b7 115000 V",
    "geometry_note": "OSM route proxy, not surveyed clearance",
    "geometry_source": "osm_snapped",
    "snap_m": 48.9,
    "center_lat": 32.735472,
    "center_lon": -84.301123
   },
   "geometry": {
    "type": "LineString",
    "coordinates": [
     [
      -84.2897285,
      32.5714604
     ],
     [
      -84.2897484,
      32.571609899999984
     ],
     [
      -84.2898905,
      32.5732196
     ],
     [
      -84.290072,
      32.57542000000001
     ],
     [
      -84.2902382,
      32.5775594
     ],
     [
      -84.2904368,
      32.579947499999996
     ],
     [
      -84.2906204,
      32.582143200000004
     ],
     [
      -84.2907842,
      32.584205
     ],
     [
      -84.2909703,
      32.586388
     ],
     [
      -84.2911589,
      32.588723600000016
     ],
     [
      -84.2913328,
      32.5908554
     ],
     [
      -84.29161,
      32.594143499999994
     ],
     [
      -84.29178550000002,
      32.59624869999998
     ],
     [
      -84.2919968,
      32.598639799999994
     ],
     [
      -84.2922502,
      32.60159180000001
     ],
     [
      -84.2924818,
      32.60452739999998
     ],
     [
      -84.2927279,
      32.607697599999995
     ],
     [
      -84.2928871,
      32.609459499999986
     ],
     [
      -84.2930391,
      32.61119379999998
     ],
     [
      -84.2931657,
      32.61281240000002
     ],
     [
      -84.2933105,
      32.614494900000004
     ],
     [
      -84.2934227,
      32.61636329999998
     ],
     [
      -84.2936108,
      32.618487599999995
     ],
     [
      -84.293846,
      32.620682099999996
     ],
     [
      -84.2940089,
      32.622465
     ],
     [
      -84.2942658,
      32.625728999999986
     ],
     [
      -84.2944648,
      32.627731299999994
     ],
     [
      -84.2946566,
      32.63022110000001
     ],
     [
      -84.2948556,
      32.6325524
     ],
     [
      -84.295004,
      32.634551399999985
     ],
     [
      -84.2951921,
      32.6369069
     ],
     [
      -84.2953333,
      32.6383208
     ],
     [
      -84.2955287,
      32.63973469999999
     ],
     [
      -84.2958652,
      32.6417031
     ],
     [
      -84.2962234,
      32.64358620000001
     ],
     [
      -84.2967481,
      32.64643509999999
     ],
     [
      -84.2972149,
      32.64924730000001
     ],
     [
      -84.2975949,
      32.65130079999999
     ],
     [
      -84.29796400000001,
      32.65332989999999
     ],
     [
      -84.2982354,
      32.65531329999998
     ],
     [
      -84.2985502,
      32.65715039999999
     ],
     [
      -84.298941,
      32.6595266
     ],
     [
      -84.2993028,
      32.661668299999995
     ],
     [
      -84.299614,
      32.66361789999998
     ],
     [
      -84.299795,
      32.6654792
     ],
     [
      -84.2998854,
      32.6672064
     ],
     [
      -84.2999035,
      32.667538399999984
     ],
     [
      -84.3000515,
      32.668775200000006
     ],
     [
      -84.3002436,
      32.67104050000001
     ],
     [
      -84.3004368,
      32.67356329999999
     ],
     [
      -84.3006006,
      32.675533699999995
     ],
     [
      -84.3007272,
      32.67733679999999
     ],
     [
      -84.3009914,
      32.680139000000004
     ],
     [
      -84.3011108,
      32.68177450000001
     ],
     [
      -84.3012555,
      32.683620199999986
     ],
     [
      -84.3013894,
      32.6854476
     ],
     [
      -84.3015197,
      32.6872201
     ],
     [
      -84.30165,
      32.688675800000006
     ],
     [
      -84.3018816,
      32.691587199999994
     ],
     [
      -84.3020335,
      32.693572799999984
     ],
     [
      -84.3022434,
      32.696182500000006
     ],
     [
      -84.3023918,
      32.6978817
     ],
     [
      -84.3026415,
      32.70086899999998
     ],
     [
      -84.3027572,
      32.702549799999986
     ],
     [
      -84.3029068,
      32.704153700000006
     ],
     [
      -84.3031001,
      32.70645249999999
     ],
     [
      -84.3032766,
      32.70850019999999
     ],
     [
      -84.3034237,
      32.7103498
     ],
     [
      -84.3035288,
      32.711718399999995
     ],
     [
      -84.3037474,
      32.71377659999998
     ],
     [
      -84.3038987,
      32.7158665
     ],
     [
      -84.3041004,
      32.71860349999999
     ],
     [
      -84.3042391,
      32.72046709999999
     ],
     [
      -84.3044409,
      32.722733599999984
     ],
     [
      -84.3046762,
      32.72528659999999
     ],
     [
      -84.3048402,
      32.72725249999999
     ],
     [
      -84.3049494,
      32.728592599999985
     ],
     [
      -84.3051049,
      32.73050889999998
     ],
     [
      -84.3053571,
      32.73317120000002
     ],
     [
      -84.3052815,
      32.73560009999998
     ],
     [
      -84.30521,
      32.7381421
     ],
     [
      -84.305189,
      32.740093599999994
     ],
     [
      -84.3051848,
      32.74204149999999
     ],
     [
      -84.3051134,
      32.74530089999999
     ],
     [
      -84.3050923,
      32.74821730000001
     ],
     [
      -84.3050629,
      32.75015799999999
     ],
     [
      -84.3050293,
      32.75194309999999
     ],
     [
      -84.3050041,
      32.75386599999999
     ],
     [
      -84.3049789,
      32.7564216
     ],
     [
      -84.304941,
      32.758231300000006
     ],
     [
      -84.3049242,
      32.75929870000001
     ],
     [
      -84.304899,
      32.76258929999998
     ],
     [
      -84.3048612,
      32.764225700000004
     ],
     [
      -84.304836,
      32.767625699999996
     ],
     [
      -84.3047771,
      32.76936799999997
     ],
     [
      -84.3047729,
      32.77142479999999
     ],
     [
      -84.3047225,
      32.77508959999997
     ],
     [
      -84.3046813,
      32.77716379999998
     ],
     [
      -84.3046756,
      32.77913759999998
     ],
     [
      -84.3046302,
      32.78227439999999
     ],
     [
      -84.3045849,
      32.78650759999999
     ],
     [
      -84.3045679,
      32.78898160000001
     ],
     [
      -84.3045508,
      32.790783499999996
     ],
     [
      -84.3044828,
      32.794601599999986
     ],
     [
      -84.3044544,
      32.7964128
     ],
     [
      -84.3044261,
      32.80000190000002
     ],
     [
      -84.3044318,
      32.8035193
     ],
     [
      -84.30439210000002,
      32.80562589999998
     ],
     [
      -84.3043694,
      32.808085099999985
     ],
     [
      -84.3043581,
      32.8094386
     ],
     [
      -84.3043127,
      32.8118405
     ],
     [
      -84.30429000000001,
      32.814161299999995
     ],
     [
      -84.3043014,
      32.81592929999999
     ],
     [
      -84.304273,
      32.8178545
     ],
     [
      -84.304222,
      32.8203419
     ],
     [
      -84.3042106,
      32.82413019999999
     ],
     [
      -84.3041879,
      32.8252452
     ],
     [
      -84.3042843,
      32.82674129999998
     ],
     [
      -84.3043637,
      32.828070699999984
     ],
     [
      -84.3045055,
      32.83053879999998
     ],
     [
      -84.3045735,
      32.8320015
     ],
     [
      -84.3047493,
      32.8349603
     ],
     [
      -84.3048991,
      32.837539499999984
     ],
     [
      -84.3049842,
      32.838944999999995
     ],
     [
      -84.3050863,
      32.840178899999984
     ],
     [
      -84.3051713,
      32.8418844
     ],
     [
      -84.3053584,
      32.84530490000001
     ],
     [
      -84.3054605,
      32.847239
     ],
     [
      -84.3055682,
      32.84881580000001
     ],
     [
      -84.3054151,
      32.850459199999975
     ],
     [
      -84.305143,
      32.8526885
     ],
     [
      -84.3048935,
      32.855275000000006
     ],
     [
      -84.3047347,
      32.8570374
     ],
     [
      -84.3045136,
      32.8589093
     ],
     [
      -84.3043434,
      32.8611384
     ],
     [
      -84.3041967,
      32.86257320000001
     ],
     [
      -84.3039597,
      32.86533929999999
     ],
     [
      -84.3037621,
      32.8676571
     ],
     [
      -84.3036896,
      32.86897369999999
     ],
     [
      -84.3035118,
      32.8708268
     ],
     [
      -84.3041836,
      32.873039399999996
     ],
     [
      -84.3047895,
      32.874875899999985
     ],
     [
      -84.3052835,
      32.87654079999998
     ],
     [
      -84.306087,
      32.87911280000001
     ],
     [
      -84.3067678,
      32.881036999999985
     ],
     [
      -84.306698,
      32.88215430000001
     ],
     [
      -84.3066042,
      32.8838662
     ],
     [
      -84.3065693,
      32.88498109999998
     ],
     [
      -84.3064861,
      32.8869047
     ],
     [
      -84.3064218,
      32.8882628
     ],
     [
      -84.3063681,
      32.8900016
     ],
     [
      -84.3062716,
      32.89137549999999
     ],
     [
      -84.3072908,
      32.89269079999999
     ],
     [
      -84.3081867,
      32.8938169
     ],
     [
      -84.3091469,
      32.89503979999999
     ],
     [
      -84.3101393,
      32.896267299999984
     ],
     [
      -84.3111559,
      32.897532899999995
     ],
     [
      -84.3122395,
      32.898918000000016
     ],
     [
      -84.31284030000002,
      32.899584599999976
     ]
    ]
   }
  },
  {
   "type": "Feature",
   "properties": {
    "project_id": "GPC_77",
    "name": "BUZZARD ROOST - FACTORY SHOALS 230KV NEW LINE",
    "utility": "Georgia Power",
    "type": "line",
    "endpoint_a": "BUZZARD ROOST",
    "endpoint_b": "FACTORY SHOALS",
    "in_service_date": "2029-06-01",
    "confidence": "likely",
    "geometry_basis": "straight corridor (endpoint geocode) + 10 km uncertainty buffer (no OSM power=line within 10 km)",
    "geometry_note": "corridor proximity, not surveyed distance",
    "geometry_source": "buffered_estimate",
    "buffer_m": 10000.0,
    "center_lat": 33.807821,
    "center_lon": -82.865445
   },
   "geometry": {
    "type": "LineString",
    "coordinates": [
     [
      -81.90258871899994,
      34.16891113200006
     ],
     [
      -83.8283004,
      33.4467303
     ]
    ]
   }
  },
  {
   "type": "Feature",
   "properties": {
    "project_id": "GPC_78",
    "name": "CONYERS - KLONDIKE 230 KV SECOND LINE",
    "utility": "Georgia Power",
    "type": "line",
    "endpoint_a": "CONYERS",
    "endpoint_b": "KLONDIKE",
    "in_service_date": "2029-06-01",
    "confidence": "likely",
    "geometry_basis": "route-aware: corridor snapped to power=line OSM way 171523265 \u00b7 230000 V",
    "geometry_note": "OSM route proxy, not surveyed clearance",
    "geometry_source": "osm_snapped",
    "snap_m": 5670.9,
    "center_lat": 33.652812,
    "center_lon": -84.072069
   },
   "geometry": {
    "type": "LineString",
    "coordinates": [
     [
      -84.0789713,
      33.66259799999999
     ],
     [
      -84.0793688,
      33.66212389999997
     ],
     [
      -84.080478,
      33.6607064
     ],
     [
      -84.081782,
      33.65943509999999
     ],
     [
      -84.0832617,
      33.6579309
     ],
     [
      -84.0845032,
      33.6566621
     ],
     [
      -84.0860097,
      33.6551579
     ],
     [
      -84.087933,
      33.653182699999995
     ],
     [
      -84.0891507,
      33.65194599999998
     ],
     [
      -84.0901242,
      33.650967099999995
     ],
     [
      -84.0919791,
      33.64907109999998
     ],
     [
      -84.0932474,
      33.64778730000001
     ],
     [
      -84.0948372,
      33.646168899999985
     ],
     [
      -84.0958495,
      33.6451279
     ],
     [
      -84.0975524,
      33.643385500000015
     ],
     [
      -84.0992405,
      33.641653000000005
     ],
     [
      -84.1012412,
      33.6414299
     ],
     [
      -84.1035069,
      33.64119939999999
     ],
     [
      -84.1063651,
      33.6408846
     ],
     [
      -84.1097115,
      33.64053269999998
     ],
     [
      -84.1124446,
      33.64025009999999
     ],
     [
      -84.114441,
      33.6400273
     ],
     [
      -84.117058,
      33.63974219999998
     ],
     [
      -84.1202705,
      33.63940269999999
     ],
     [
      -84.1222676,
      33.639159299999974
     ],
     [
      -84.1248226,
      33.63843339999999
     ],
     [
      -84.1261433,
      33.6381394
     ]
    ]
   }
  },
  {
   "type": "Feature",
   "properties": {
    "project_id": "GPC_79",
    "name": "GLENWOOD SPRINGS - PORTERDALE PRIMARY 230KV LINE SWITCH REPL",
    "utility": "Georgia Power",
    "type": "substation",
    "endpoint_a": "GLENWOOD SPRINGS",
    "endpoint_b": "PORTERDALE PRIMARY",
    "in_service_date": "2029-06-01",
    "confidence": "unconfirmed",
    "geometry_basis": "straight corridor (endpoint geocode) + 10 km uncertainty buffer (no OSM power=line within 10 km)",
    "geometry_note": "corridor proximity, not surveyed distance",
    "geometry_source": "buffered_estimate",
    "buffer_m": 10000.0,
    "center_lat": 33.006395,
    "center_lon": -83.397816
   },
   "geometry": {
    "type": "LineString",
    "coordinates": [
     [
      -83.3956318,
      33.312790099999994
     ],
     [
      -83.4,
      32.69999999999998
     ]
    ]
   }
  },
  {
   "type": "Feature",
   "properties": {
    "project_id": "GPC_80",
    "name": "LLOYD SHOALS - PORTERDALE PRIMARY 115KV REBUILD",
    "utility": "Georgia Power",
    "type": "line",
    "endpoint_a": "LLOYD SHOALS",
    "endpoint_b": "PORTERDALE PRIMARY",
    "in_service_date": "2029-06-01",
    "confidence": "unconfirmed",
    "geometry_basis": "straight corridor (endpoint geocode) + 10 km uncertainty buffer (no OSM power=line within 10 km)",
    "geometry_note": "corridor proximity, not surveyed distance",
    "geometry_source": "buffered_estimate",
    "buffer_m": 10000.0,
    "center_lat": 33.010365,
    "center_lon": -83.621636
   },
   "geometry": {
    "type": "LineString",
    "coordinates": [
     [
      -83.84327110799997,
      33.320730798000056
     ],
     [
      -83.4,
      32.69999999999998
     ]
    ]
   }
  },
  {
   "type": "Feature",
   "properties": {
    "project_id": "GPC_81",
    "name": "LOWER RIVER - WEBB (APC) 115KV RECONDUCTOR",
    "utility": "Georgia Power",
    "type": "line",
    "endpoint_a": "LOWER RIVER",
    "endpoint_b": "WEBB",
    "in_service_date": "2029-06-01",
    "confidence": "likely",
    "geometry_basis": "straight corridor (endpoint geocode) + 10 km uncertainty buffer (no OSM power=line within 10 km)",
    "geometry_note": "corridor proximity, not surveyed distance",
    "geometry_source": "buffered_estimate",
    "buffer_m": 10000.0,
    "center_lat": 32.432738,
    "center_lon": -85.287928
   },
   "geometry": {
    "type": "LineString",
    "coordinates": [
     [
      -85.2869786,
      33.614220400000015
     ],
     [
      -85.28887716799994,
      31.251256362000042
     ]
    ]
   }
  },
  {
   "type": "Feature",
   "properties": {
    "project_id": "GPC_82",
    "name": "MCEVER ROAD - SHOAL CREEK 115KV REBUILD",
    "utility": "Georgia Power",
    "type": "line",
    "endpoint_a": "MCEVER ROAD",
    "endpoint_b": "SHOAL CREEK",
    "in_service_date": "2029-06-01",
    "confidence": "likely",
    "geometry_basis": "straight corridor (endpoint geocode) + 10 km uncertainty buffer (no OSM power=line within 10 km)",
    "geometry_note": "corridor proximity, not surveyed distance",
    "geometry_source": "buffered_estimate",
    "buffer_m": 10000.0,
    "center_lat": 34.074736,
    "center_lon": -83.771138
   },
   "geometry": {
    "type": "LineString",
    "coordinates": [
     [
      -83.87380125,
      34.27288320000003
     ],
     [
      -83.6684748,
      33.87658830000001
     ]
    ]
   }
  },
  {
   "type": "Feature",
   "properties": {
    "project_id": "GPC_83",
    "name": "MCMANUS - WEST BRUNSWICK 115KV REBUILD",
    "utility": "Georgia Power",
    "type": "line",
    "endpoint_a": "MCMANUS",
    "endpoint_b": "WEST BRUNSWICK",
    "in_service_date": "2029-06-01",
    "confidence": "confirmed",
    "geometry_basis": "route-aware: corridor snapped to power=line OSM way 1033068802 \u00b7 230000 V",
    "geometry_note": "OSM route proxy, not surveyed clearance",
    "geometry_source": "osm_snapped",
    "snap_m": 293.3,
    "center_lat": 31.246383,
    "center_lon": -81.55229
   },
   "geometry": {
    "type": "LineString",
    "coordinates": [
     [
      -81.54353700000001,
      31.214531599999976
     ],
     [
      -81.5430177,
      31.214824199999978
     ],
     [
      -81.5419645,
      31.21749089999999
     ],
     [
      -81.5408356,
      31.220594300000023
     ],
     [
      -81.5402889,
      31.222077499999994
     ],
     [
      -81.5414981,
      31.223861199999995
     ],
     [
      -81.5434775,
      31.226417199999986
     ],
     [
      -81.5442157,
      31.230346899999997
     ],
     [
      -81.5449539,
      31.23424549999999
     ],
     [
      -81.54662930000002,
      31.23727459999998
     ],
     [
      -81.5484205,
      31.240572700000023
     ],
     [
      -81.5506712,
      31.244681299999996
     ],
     [
      -81.5522851,
      31.247546000000014
     ],
     [
      -81.55371440000002,
      31.250008499999993
     ],
     [
      -81.5570001,
      31.252331799999986
     ],
     [
      -81.5604414,
      31.254890000000007
     ],
     [
      -81.5639369,
      31.257494600000005
     ],
     [
      -81.567389,
      31.260059
     ],
     [
      -81.5707977,
      31.26261089999999
     ],
     [
      -81.5742173,
      31.265168900000003
     ],
     [
      -81.5776875,
      31.267745299999984
     ],
     [
      -81.5758927,
      31.2713424
     ],
     [
      -81.5740653,
      31.274738300000003
     ],
     [
      -81.5727445,
      31.27717850000001
     ],
     [
      -81.571507,
      31.2795134
     ],
     [
      -81.5682213,
      31.27911449999998
     ],
     [
      -81.5651455,
      31.278718599999994
     ],
     [
      -81.5626668,
      31.279788600000003
     ],
     [
      -81.5600144,
      31.280902000000005
     ],
     [
      -81.5592522,
      31.2800454
     ]
    ]
   }
  },
  {
   "type": "Feature",
   "properties": {
    "project_id": "GPC_84",
    "name": "NORCROSS - NORTH DRUID HILLS 115KV REBUILD",
    "utility": "Georgia Power",
    "type": "line",
    "endpoint_a": "NORCROSS",
    "endpoint_b": "NORTH DRUID HILLS",
    "in_service_date": "2029-06-01",
    "confidence": "likely",
    "geometry_basis": "straight corridor (endpoint geocode) + 10 km uncertainty buffer (no OSM power=line within 10 km)",
    "geometry_note": "corridor proximity, not surveyed distance",
    "geometry_source": "buffered_estimate",
    "buffer_m": 10000.0,
    "center_lat": 33.876534,
    "center_lon": -84.266585
   },
   "geometry": {
    "type": "LineString",
    "coordinates": [
     [
      -84.21379044799994,
      33.93247966700004
     ],
     [
      -84.3193797,
      33.82058899999999
     ]
    ]
   }
  },
  {
   "type": "Feature",
   "properties": {
    "project_id": "GPC_85",
    "name": "SOUTH BAINBRIDGE - SINAI (FPL) 115KV LINE RECONDUCTOR",
    "utility": "Georgia Power",
    "type": "line",
    "endpoint_a": "SOUTH BAINBRIDGE",
    "endpoint_b": "SINAI",
    "in_service_date": "2029-06-01",
    "confidence": "confirmed",
    "geometry_basis": "straight corridor (endpoint geocode) + 10 km uncertainty buffer (no OSM power=line within 10 km)",
    "geometry_note": "corridor proximity, not surveyed distance",
    "geometry_source": "buffered_estimate",
    "buffer_m": 10000.0,
    "center_lat": 31.636314,
    "center_lon": -84.257559
   },
   "geometry": {
    "type": "LineString",
    "coordinates": [
     [
      -83.61431780000001,
      32.608771100000006
     ],
     [
      -84.90080033899994,
      30.663857718000035
     ]
    ]
   }
  },
  {
   "type": "Feature",
   "properties": {
    "project_id": "GPC_86",
    "name": "BAY CREEK - CONYERS 230KV REBUILD",
    "utility": "Georgia Power",
    "type": "line",
    "endpoint_a": "BAY CREEK",
    "endpoint_b": "CONYERS",
    "in_service_date": "2029-12-31",
    "confidence": "likely",
    "geometry_basis": "route-aware: corridor snapped to power=line OSM way 175826908 \u00b7 230000 V",
    "geometry_note": "OSM route proxy, not surveyed clearance",
    "geometry_source": "osm_snapped",
    "snap_m": 9239.9,
    "center_lat": 33.767865,
    "center_lon": -83.95002
   },
   "geometry": {
    "type": "LineString",
    "coordinates": [
     [
      -83.8825809,
      33.86769869999999
     ],
     [
      -83.8822054,
      33.86712909999999
     ],
     [
      -83.8834116,
      33.8665687
     ],
     [
      -83.8858979,
      33.86540600000001
     ],
     [
      -83.8912325,
      33.862919100000006
     ],
     [
      -83.8946045,
      33.86135639999999
     ],
     [
      -83.8982726,
      33.859657000000006
     ],
     [
      -83.9013932,
      33.858218399999984
     ],
     [
      -83.9058991,
      33.85613130000001
     ],
     [
      -83.9094593,
      33.85445970000002
     ],
     [
      -83.913842,
      33.85249269999996
     ],
     [
      -83.9159273,
      33.8502045
     ],
     [
      -83.9189316,
      33.8469981
     ],
     [
      -83.9219834,
      33.843752800000004
     ],
     [
      -83.924736,
      33.840835299999995
     ],
     [
      -83.9274168,
      33.8379799
     ],
     [
      -83.9296937,
      33.8355544
     ],
     [
      -83.9321052,
      33.832979599999994
     ],
     [
      -83.9353475,
      33.829548399999986
     ],
     [
      -83.9376317,
      33.827121099999985
     ],
     [
      -83.9401475,
      33.824445399999995
     ],
     [
      -83.9432335,
      33.82120530000001
     ],
     [
      -83.9453231,
      33.81856289999999
     ],
     [
      -83.9475431,
      33.8158435
     ],
     [
      -83.9503829,
      33.81232789999996
     ],
     [
      -83.9534269,
      33.80857859999999
     ],
     [
      -83.9558332,
      33.8056147
     ],
     [
      -83.958028,
      33.802907699999984
     ],
     [
      -83.96025060000001,
      33.80013059999999
     ],
     [
      -83.9628998,
      33.79747920000001
     ],
     [
      -83.9650444,
      33.79532019999999
     ],
     [
      -83.968104,
      33.79220300000002
     ],
     [
      -83.9706119,
      33.7897178
     ],
     [
      -83.9738087,
      33.78647740000001
     ],
     [
      -83.97663,
      33.78342419999999
     ],
     [
      -83.9786545,
      33.78128019999999
     ],
     [
      -83.9819362,
      33.7777436
     ],
     [
      -83.9840097,
      33.7755506
     ],
     [
      -83.9866318,
      33.77273850000002
     ],
     [
      -83.9889633,
      33.770214199999984
     ],
     [
      -83.991765,
      33.7672554
     ],
     [
      -83.9937966,
      33.76321180000001
     ],
     [
      -83.9952203,
      33.76039939999998
     ],
     [
      -83.9975951,
      33.75573779999999
     ],
     [
      -83.99928160000002,
      33.7523935
     ],
     [
      -84.0009141,
      33.749156299999996
     ]
    ]
   }
  },
  {
   "type": "Feature",
   "properties": {
    "project_id": "GPC_87",
    "name": "ANNISTON - HAMMOND 230KV LINE",
    "utility": "Georgia Power",
    "type": "line",
    "endpoint_a": "ANNISTON",
    "endpoint_b": "HAMMOND",
    "in_service_date": "2030-06-01",
    "confidence": "likely",
    "geometry_basis": "straight corridor (endpoint geocode) + 10 km uncertainty buffer (no OSM power=line within 10 km)",
    "geometry_note": "corridor proximity, not surveyed distance",
    "geometry_source": "buffered_estimate",
    "buffer_m": 10000.0,
    "center_lat": 33.741757,
    "center_lon": -82.597157
   },
   "geometry": {
    "type": "LineString",
    "coordinates": [
     [
      -84.3375713,
      33.751672099999986
     ],
     [
      -80.85674184999999,
      33.7318414
     ]
    ]
   }
  },
  {
   "type": "Feature",
   "properties": {
    "project_id": "GPC_88",
    "name": "ATKINSON - NORTHSIDE DRIVE 115KV REBUILD",
    "utility": "Georgia Power",
    "type": "line",
    "endpoint_a": "ATKINSON",
    "endpoint_b": "NORTHSIDE DRIVE",
    "in_service_date": "2030-06-01",
    "confidence": "likely",
    "geometry_basis": "straight corridor (endpoint geocode) + 10 km uncertainty buffer (no OSM power=line within 10 km)",
    "geometry_note": "corridor proximity, not surveyed distance",
    "geometry_source": "buffered_estimate",
    "buffer_m": 10000.0,
    "center_lat": 30.860636,
    "center_lon": -82.216857
   },
   "geometry": {
    "type": "LineString",
    "coordinates": [
     [
      -82.8839362,
      31.303010499999996
     ],
     [
      -81.54977842899996,
      30.41826192100006
     ]
    ]
   }
  },
  {
   "type": "Feature",
   "properties": {
    "project_id": "GPC_89",
    "name": "ATKINSON - NORTHWEST 115KV REBUILD",
    "utility": "Georgia Power",
    "type": "line",
    "endpoint_a": "ATKINSON",
    "endpoint_b": "NORTHWEST",
    "in_service_date": "2030-06-01",
    "confidence": "unconfirmed",
    "geometry_basis": "straight corridor (endpoint geocode) + 10 km uncertainty buffer (no OSM power=line within 10 km)",
    "geometry_note": "corridor proximity, not surveyed distance",
    "geometry_source": "buffered_estimate",
    "buffer_m": 10000.0,
    "center_lat": 30.479553,
    "center_lon": -82.611865
   },
   "geometry": {
    "type": "LineString",
    "coordinates": [
     [
      -82.8839362,
      31.303010499999996
     ],
     [
      -82.3397947,
      29.65609529999999
     ]
    ]
   }
  },
  {
   "type": "Feature",
   "properties": {
    "project_id": "GPC_90",
    "name": "CC - NORTH GEORGIA DATA NETWORK UPGRADES",
    "utility": "Georgia Power",
    "type": "line",
    "endpoint_a": "NORTH GEORGIA DATA NETWORK UPGRADES",
    "endpoint_b": "",
    "in_service_date": "2030-06-01",
    "confidence": "confirmed",
    "geometry_basis": "route-aware: point snapped to power=line OSM way 379890664 \u00b7 69000 V",
    "geometry_note": "OSM route proxy, not surveyed clearance",
    "geometry_source": "osm_snapped",
    "snap_m": 10.5,
    "center_lat": 30.329359,
    "center_lon": -81.63998
   },
   "geometry": {
    "type": "Point",
    "coordinates": [
     -81.63987489783705,
     30.329331851246394
    ]
   }
  },
  {
   "type": "Feature",
   "properties": {
    "project_id": "GPC_91",
    "name": "CORNELIA - TALLULAH LODGE 115KV REBUILD",
    "utility": "Georgia Power",
    "type": "line",
    "endpoint_a": "CORNELIA",
    "endpoint_b": "TALLULAH LODGE",
    "in_service_date": "2030-06-01",
    "confidence": "unconfirmed",
    "geometry_basis": "straight corridor (endpoint geocode) + 10 km uncertainty buffer (no OSM power=line within 10 km)",
    "geometry_note": "corridor proximity, not surveyed distance",
    "geometry_source": "buffered_estimate",
    "buffer_m": 10000.0,
    "center_lat": 33.605744,
    "center_lon": -83.463558
   },
   "geometry": {
    "type": "LineString",
    "coordinates": [
     [
      -83.5271166,
      34.5114883
     ],
     [
      -83.4,
      32.69999999999998
     ]
    ]
   }
  },
  {
   "type": "Feature",
   "properties": {
    "project_id": "GPC_92",
    "name": "EAST POINT - TRIBUTARY 230KV REBUILD",
    "utility": "Georgia Power",
    "type": "line",
    "endpoint_a": "EAST POINT",
    "endpoint_b": "TRIBUTARY",
    "in_service_date": "2030-06-01",
    "confidence": "likely",
    "geometry_basis": "route-aware: corridor snapped to power=line OSM way 159784543 \u00b7 Villa Rica - Union 500kV #1 \u00b7 500000 V",
    "geometry_note": "OSM route proxy, not surveyed clearance",
    "geometry_source": "osm_snapped",
    "snap_m": 9419.5,
    "center_lat": 33.694192,
    "center_lon": -84.552422
   },
   "geometry": {
    "type": "LineString",
    "coordinates": [
     [
      -84.5551891,
      33.640344600000006
     ],
     [
      -84.5577235,
      33.640683499999994
     ],
     [
      -84.5606968,
      33.64071359999999
     ],
     [
      -84.5646331,
      33.6407336
     ],
     [
      -84.5692255,
      33.64080379999999
     ],
     [
      -84.5738383,
      33.64088439999998
     ],
     [
      -84.5738148,
      33.64390230000001
     ],
     [
      -84.5738031,
      33.646539199999985
     ],
     [
      -84.5737796,
      33.64924919999999
     ],
     [
      -84.573721,
      33.651890900000005
     ],
     [
      -84.5737286,
      33.655295499999994
     ],
     [
      -84.5737274,
      33.65793750000001
     ],
     [
      -84.5783192,
      33.65793059999999
     ],
     [
      -84.58082780000001,
      33.65798170000002
     ],
     [
      -84.5843055,
      33.6579917
     ],
     [
      -84.58434,
      33.659764500000016
     ],
     [
      -84.5843941,
      33.66231510000001
     ],
     [
      -84.5845761,
      33.66564749999999
     ],
     [
      -84.5845957,
      33.669937800000014
     ],
     [
      -84.5846056,
      33.67295059999999
     ],
     [
      -84.5845711,
      33.676757499999994
     ],
     [
      -84.5844679,
      33.679954299999984
     ],
     [
      -84.5844728,
      33.683314700000004
     ],
     [
      -84.5844531,
      33.6848864
     ],
     [
      -84.5864698,
      33.68489459999999
     ],
     [
      -84.589121,
      33.6848782
     ],
     [
      -84.5920133,
      33.6849355
     ],
     [
      -84.5948071,
      33.6851606
     ],
     [
      -84.5988602,
      33.68553719999999
     ],
     [
      -84.6020771,
      33.68585229999999
     ],
     [
      -84.6064203,
      33.68622069999997
     ],
     [
      -84.6105007,
      33.6865779
     ],
     [
      -84.615636,
      33.6870623
     ],
     [
      -84.6183629,
      33.6873242
     ],
     [
      -84.6227276,
      33.687711099999994
     ],
     [
      -84.6259712,
      33.688019800000006
     ],
     [
      -84.6305983,
      33.688436999999986
     ],
     [
      -84.6335862,
      33.68871639999999
     ],
     [
      -84.6377271,
      33.6891044
     ],
     [
      -84.6419883,
      33.68949230000001
     ],
     [
      -84.645756590988,
      33.68983684665697
     ]
    ]
   }
  },
  {
   "type": "Feature",
   "properties": {
    "project_id": "GPC_93",
    "name": "EAST POINT - UNION CITY 230KV BLACK LINE RECONDUCTOR",
    "utility": "Georgia Power",
    "type": "line",
    "endpoint_a": "EAST POINT",
    "endpoint_b": "UNION CITY",
    "in_service_date": "2030-06-01",
    "confidence": "confirmed",
    "geometry_basis": "route-aware: corridor snapped to power=line OSM way 179717845 \u00b7 230000 V",
    "geometry_note": "OSM route proxy, not surveyed clearance",
    "geometry_source": "osm_snapped",
    "snap_m": 7068.6,
    "center_lat": 33.614249,
    "center_lon": -84.485837
   },
   "geometry": {
    "type": "LineString",
    "coordinates": [
     [
      -84.4642031,
      33.67505030000001
     ],
     [
      -84.46627060000002,
      33.67264629999998
     ],
     [
      -84.4679565,
      33.67087699999998
     ],
     [
      -84.470154,
      33.6687295
     ],
     [
      -84.4724067,
      33.66652519999998
     ],
     [
      -84.4753253,
      33.66373389999999
     ],
     [
      -84.4782897,
      33.660920099999984
     ],
     [
      -84.4792588,
      33.65997600000001
     ],
     [
      -84.4803041,
      33.65895520000001
     ],
     [
      -84.48159410000001,
      33.657691
     ],
     [
      -84.4829928,
      33.656313899999994
     ],
     [
      -84.4846531,
      33.65470559999999
     ],
     [
      -84.48639350000002,
      33.652999399999985
     ],
     [
      -84.4884742,
      33.65097699999998
     ],
     [
      -84.4912001,
      33.64828980000001
     ],
     [
      -84.4940313,
      33.64552409999998
     ],
     [
      -84.4957063,
      33.64391490000001
     ],
     [
      -84.4982567,
      33.64136729999999
     ],
     [
      -84.5013536,
      33.63835009999999
     ],
     [
      -84.5041687,
      33.63557779999999
     ],
     [
      -84.506138,
      33.63363549999999
     ],
     [
      -84.5085408,
      33.631300799999984
     ],
     [
      -84.5110318,
      33.62884640000001
     ],
     [
      -84.5130532,
      33.6268626
     ],
     [
      -84.515965,
      33.62399719999999
     ],
     [
      -84.5171972,
      33.62281089999998
     ],
     [
      -84.5200464,
      33.61996529999999
     ],
     [
      -84.5226539,
      33.61740829999999
     ],
     [
      -84.5250988,
      33.615001099999986
     ]
    ]
   }
  },
  {
   "type": "Feature",
   "properties": {
    "project_id": "GPC_94",
    "name": "ECHECONNEE-WELLSTON 115KV LINE REBUILD",
    "utility": "Georgia Power",
    "type": "line",
    "endpoint_a": "ECHECONNEE-WELLSTON",
    "endpoint_b": "",
    "in_service_date": "2030-06-01",
    "confidence": "likely",
    "geometry_basis": "route-aware: point snapped to power=line OSM way 1050197006 \u00b7 115000 V",
    "geometry_note": "OSM route proxy, not surveyed clearance",
    "geometry_source": "osm_snapped",
    "snap_m": 19.1,
    "center_lat": 32.676284,
    "center_lon": -83.706388
   },
   "geometry": {
    "type": "Point",
    "coordinates": [
     -83.70652639117412,
     32.676411090622125
    ]
   }
  },
  {
   "type": "Feature",
   "properties": {
    "project_id": "GPC_95",
    "name": "FARLEY (APC)-TAZEWELL 500KV",
    "utility": "Georgia Power",
    "type": "line",
    "endpoint_a": "FARLEY",
    "endpoint_b": "TAZEWELL",
    "in_service_date": "2030-06-01",
    "confidence": "likely",
    "geometry_basis": "straight corridor (endpoint geocode) + 10 km uncertainty buffer (no OSM power=line within 10 km)",
    "geometry_note": "corridor proximity, not surveyed distance",
    "geometry_source": "buffered_estimate",
    "buffer_m": 10000.0,
    "center_lat": 31.801548,
    "center_lon": -84.778272
   },
   "geometry": {
    "type": "LineString",
    "coordinates": [
     [
      -85.11632374999999,
      31.223613750000005
     ],
     [
      -84.440221,
      32.37948200000002
     ]
    ]
   }
  },
  {
   "type": "Feature",
   "properties": {
    "project_id": "GPC_96",
    "name": "GAINESVILLE #2 - MCEVER ROAD 115 KV REBUILD",
    "utility": "Georgia Power",
    "type": "line",
    "endpoint_a": "GAINESVILLE #2",
    "endpoint_b": "MCEVER ROAD",
    "in_service_date": "2030-06-01",
    "confidence": "likely",
    "geometry_basis": "route-aware: corridor snapped to power=line OSM way 1035015654 \u00b7 46000 V",
    "geometry_note": "OSM route proxy, not surveyed clearance",
    "geometry_source": "osm_snapped",
    "snap_m": 2951.2,
    "center_lat": 34.285381,
    "center_lon": -83.848934
   },
   "geometry": {
    "type": "LineString",
    "coordinates": [
     [
      -83.8497977,
      34.3138453
     ],
     [
      -83.8541082,
      34.31327449999999
     ],
     [
      -83.8556065,
      34.31310629999999
     ],
     [
      -83.85773,
      34.31280999999999
     ],
     [
      -83.8586061,
      34.3113302
     ],
     [
      -83.859356,
      34.31012859999999
     ],
     [
      -83.8600973,
      34.308904
     ],
     [
      -83.86077260000002,
      34.30777529999999
     ],
     [
      -83.8613952,
      34.306724999999986
     ],
     [
      -83.8621022,
      34.305583
     ],
     [
      -83.862728,
      34.30453349999997
     ],
     [
      -83.8632708,
      34.30367979999999
     ],
     [
      -83.8637863,
      34.30281119999999
     ],
     [
      -83.8643132,
      34.301878800000004
     ],
     [
      -83.865124,
      34.30062920000001
     ],
     [
      -83.865576,
      34.29988059999999
     ],
     [
      -83.8657554,
      34.298668600000006
     ],
     [
      -83.8660734,
      34.296647899999996
     ],
     [
      -83.8662596,
      34.29537009999999
     ],
     [
      -83.8664095,
      34.294501399999994
     ],
     [
      -83.8665571,
      34.293559499999986
     ],
     [
      -83.8666366,
      34.292996599999995
     ],
     [
      -83.8667207,
      34.2924637
     ],
     [
      -83.8669296,
      34.29119719999999
     ],
     [
      -83.8673566,
      34.290703699999995
     ],
     [
      -83.8683377,
      34.2901314
     ],
     [
      -83.8703477,
      34.28890419999999
     ],
     [
      -83.8715582,
      34.28820429999998
     ],
     [
      -83.8732116,
      34.28722659999996
     ],
     [
      -83.8736613,
      34.28648350000002
     ],
     [
      -83.8744539,
      34.28516619999999
     ],
     [
      -83.8750421,
      34.284158499999975
     ],
     [
      -83.875912,
      34.28275490000001
     ],
     [
      -83.8760309,
      34.281359699999996
     ],
     [
      -83.8771151,
      34.2806127
     ],
     [
      -83.8779669,
      34.279362199999994
     ],
     [
      -83.8783221,
      34.278759800000024
     ],
     [
      -83.878858,
      34.27788019999997
     ],
     [
      -83.8784881,
      34.2773361
     ],
     [
      -83.8780184,
      34.276704599999995
     ],
     [
      -83.8773568,
      34.2758644
     ],
     [
      -83.8769393,
      34.27517439999999
     ],
     [
      -83.8762912,
      34.2742855
     ],
     [
      -83.8757525,
      34.273518900000006
     ],
     [
      -83.8750892,
      34.27261049999999
     ],
     [
      -83.8742761,
      34.27301810000001
     ],
     [
      -83.87400431874296,
      34.273154162213466
     ]
    ]
   }
  },
  {
   "type": "Feature",
   "properties": {
    "project_id": "GPC_97",
    "name": "GLENWOOD SPRINGS - LAKE OCONEE 115KV LINE REBUILD",
    "utility": "Georgia Power",
    "type": "line",
    "endpoint_a": "GLENWOOD SPRINGS",
    "endpoint_b": "LAKE OCONEE",
    "in_service_date": "2030-06-01",
    "confidence": "likely",
    "geometry_basis": "straight corridor (endpoint geocode) + 10 km uncertainty buffer (no OSM power=line within 10 km)",
    "geometry_note": "corridor proximity, not surveyed distance",
    "geometry_source": "buffered_estimate",
    "buffer_m": 10000.0,
    "center_lat": 33.38616,
    "center_lon": -83.321541
   },
   "geometry": {
    "type": "LineString",
    "coordinates": [
     [
      -83.3956318,
      33.312790099999994
     ],
     [
      -83.24745105,
      33.45952969999999
     ]
    ]
   }
  },
  {
   "type": "Feature",
   "properties": {
    "project_id": "GPC_98",
    "name": "GOAT ROCK REACTORS INSTALLATION",
    "utility": "Georgia Power",
    "type": "substation",
    "endpoint_a": "GOAT ROCK REACTORS INSTALLATION",
    "endpoint_b": "",
    "in_service_date": "2030-06-01",
    "confidence": "confirmed",
    "geometry_basis": "route-aware: point snapped to power=line OSM way 186406806 \u00b7 230000 V",
    "geometry_note": "OSM route proxy, not surveyed clearance",
    "geometry_source": "osm_snapped",
    "snap_m": 6.2,
    "center_lat": 32.608247,
    "center_lon": -85.082607
   },
   "geometry": {
    "type": "Point",
    "coordinates": [
     -85.0825488,
     32.6082731
    ]
   }
  },
  {
   "type": "Feature",
   "properties": {
    "project_id": "GPC_99",
    "name": "GOLDENS CREEK - WARRENTON PRIMARY 230KV REBUILD",
    "utility": "Georgia Power",
    "type": "line",
    "endpoint_a": "GOLDENS CREEK",
    "endpoint_b": "WARRENTON PRIMARY",
    "in_service_date": "2030-06-01",
    "confidence": "unconfirmed",
    "geometry_basis": "straight corridor (endpoint geocode) + 10 km uncertainty buffer (no OSM power=line within 10 km)",
    "geometry_note": "corridor proximity, not surveyed distance",
    "geometry_source": "buffered_estimate",
    "buffer_m": 10000.0,
    "center_lat": 35.051168,
    "center_lon": -83.307138
   },
   "geometry": {
    "type": "LineString",
    "coordinates": [
     [
      -83.9268703,
      36.72175149999999
     ],
     [
      -82.68740599999995,
      33.38058400000005
     ]
    ]
   }
  },
  {
   "type": "Feature",
   "properties": {
    "project_id": "GPC_100",
    "name": "GORDON-SANDERSVILLE #1 115KV LINE REBUILD (DEEPSTEP-SAND #6)",
    "utility": "Georgia Power",
    "type": "line",
    "endpoint_a": "GORDON-SANDERSVILLE #1",
    "endpoint_b": "",
    "in_service_date": "2030-06-01",
    "confidence": "confirmed",
    "geometry_basis": "route-aware: point snapped to power=line OSM way 1057891194 \u00b7 115000 V",
    "geometry_note": "OSM route proxy, not surveyed clearance",
    "geometry_source": "osm_snapped",
    "snap_m": 23.0,
    "center_lat": 34.441124,
    "center_lon": -84.926353
   },
   "geometry": {
    "type": "Point",
    "coordinates": [
     -84.9265631,
     34.44100980000002
    ]
   }
  },
  {
   "type": "Feature",
   "properties": {
    "project_id": "GPC_101",
    "name": "GOSHEN AREA STRATEGIC SOLUTION",
    "utility": "Georgia Power",
    "type": "line",
    "endpoint_a": "GOSHEN AREA STRATEGIC SOLUTION",
    "endpoint_b": "",
    "in_service_date": "2030-06-01",
    "confidence": "confirmed",
    "geometry_basis": "route-aware: point snapped to power=line OSM way 1007026728 \u00b7 230000 V",
    "geometry_note": "OSM route proxy, not surveyed clearance",
    "geometry_source": "osm_snapped",
    "snap_m": 1.1,
    "center_lat": 33.319617,
    "center_lon": -81.995165
   },
   "geometry": {
    "type": "Point",
    "coordinates": [
     -81.9951650280877,
     33.31960720316009
    ]
   }
  },
  {
   "type": "Feature",
   "properties": {
    "project_id": "GPC_102",
    "name": "JEFFERSON ROAD - WINDER PRIMARY 115KV REBUILD",
    "utility": "Georgia Power",
    "type": "line",
    "endpoint_a": "JEFFERSON ROAD",
    "endpoint_b": "WINDER PRIMARY",
    "in_service_date": "2030-06-01",
    "confidence": "likely",
    "geometry_basis": "route-aware: corridor snapped to power=line OSM way 171583090 \u00b7 230000 V",
    "geometry_note": "OSM route proxy, not surveyed clearance",
    "geometry_source": "osm_snapped",
    "snap_m": 6582.3,
    "center_lat": 33.986658,
    "center_lon": -83.666299
   },
   "geometry": {
    "type": "LineString",
    "coordinates": [
     [
      -83.59185235255497,
      34.035871221048836
     ],
     [
      -83.5968102,
      34.0351588
     ],
     [
      -83.5991393,
      34.03478359999999
     ],
     [
      -83.6032852,
      34.0346984
     ],
     [
      -83.6070238,
      34.034592099999976
     ],
     [
      -83.6112192,
      34.034467399999976
     ],
     [
      -83.6163945,
      34.03431669999999
     ],
     [
      -83.6218424,
      34.03415429999999
     ],
     [
      -83.6269354,
      34.034001299999986
     ],
     [
      -83.63023030000001,
      34.03386239999998
     ],
     [
      -83.6346926,
      34.033657699999985
     ],
     [
      -83.6394731,
      34.0334552
     ],
     [
      -83.6438218,
      34.0332551
     ],
     [
      -83.6484659,
      34.03300560000001
     ],
     [
      -83.6544258,
      34.0326726
     ],
     [
      -83.6588846,
      34.0324396
     ],
     [
      -83.662982,
      34.03219990000001
     ],
     [
      -83.6670713,
      34.0319702
     ],
     [
      -83.6707629,
      34.03175379999998
     ],
     [
      -83.6759649,
      34.03145089999999
     ],
     [
      -83.6798172,
      34.031261199999975
     ],
     [
      -83.6846695,
      34.0309976
     ],
     [
      -83.6879339,
      34.03015709999999
     ],
     [
      -83.6933684,
      34.02878059999999
     ],
     [
      -83.6998298,
      34.027147599999985
     ],
     [
      -83.7038969,
      34.0261194
     ],
     [
      -83.708893,
      34.02485389999999
     ],
     [
      -83.7131566,
      34.0237559
     ],
     [
      -83.7176756,
      34.02260669999998
     ],
     [
      -83.7236963,
      34.0210992
     ],
     [
      -83.7257753,
      34.0193676
     ],
     [
      -83.7288139,
      34.01688859999998
     ],
     [
      -83.7330112,
      34.013407199999996
     ],
     [
      -83.7356374,
      34.011223099999995
     ],
     [
      -83.7389583,
      34.008475000000004
     ],
     [
      -83.7426544,
      34.0054164
     ],
     [
      -83.7458152,
      34.0028007
     ],
     [
      -83.7489211,
      34.00023989999998
     ],
     [
      -83.752067,
      33.997646000000024
     ],
     [
      -83.7526879,
      33.9971341
     ],
     [
      -83.7535483132594,
      33.99561907216878
     ]
    ]
   }
  },
  {
   "type": "Feature",
   "properties": {
    "project_id": "GPC_103",
    "name": "KETTLE CREEK PRIMARY - PINE GROVE PRIMARY 115KV REBUILD",
    "utility": "Georgia Power",
    "type": "line",
    "endpoint_a": "KETTLE CREEK PRIMARY",
    "endpoint_b": "PINE GROVE PRIMARY",
    "in_service_date": "2030-06-01",
    "confidence": "confirmed",
    "geometry_basis": "straight corridor (endpoint geocode) + 10 km uncertainty buffer (no OSM power=line within 10 km)",
    "geometry_note": "corridor proximity, not surveyed distance",
    "geometry_source": "buffered_estimate",
    "buffer_m": 10000.0,
    "center_lat": 31.052466,
    "center_lon": -82.813622
   },
   "geometry": {
    "type": "LineString",
    "coordinates": [
     [
      -82.39925699999998,
      31.22328300000002
     ],
     [
      -83.22798689999999,
      30.88164844999998
     ]
    ]
   }
  },
  {
   "type": "Feature",
   "properties": {
    "project_id": "GPC_104",
    "name": "NEW CAVENDER DRIVE - TRIBUTARY 230KV LINE",
    "utility": "Georgia Power",
    "type": "line",
    "endpoint_a": "NEW CAVENDER DRIVE",
    "endpoint_b": "TRIBUTARY",
    "in_service_date": "2030-06-01",
    "confidence": "unconfirmed",
    "geometry_basis": "straight corridor (endpoint geocode) + 10 km uncertainty buffer (no OSM power=line within 10 km)",
    "geometry_note": "corridor proximity, not surveyed distance",
    "geometry_source": "buffered_estimate",
    "buffer_m": 10000.0,
    "center_lat": 33.206466,
    "center_lon": -84.021323
   },
   "geometry": {
    "type": "LineString",
    "coordinates": [
     [
      -83.4,
      32.69999999999998
     ],
     [
      -84.6426467,
      33.7129313
     ]
    ]
   }
  },
  {
   "type": "Feature",
   "properties": {
    "project_id": "GPC_105",
    "name": "NORTH SPA 230KV STRATEGIC PROJECT",
    "utility": "Georgia Power",
    "type": "line",
    "endpoint_a": "NORTH SPA",
    "endpoint_b": "",
    "in_service_date": "2030-06-01",
    "confidence": "unconfirmed",
    "geometry_basis": "straight fallback: geocoded point (no OSM power=line within 10 km)",
    "geometry_note": "corridor proximity, not surveyed distance",
    "geometry_source": "straight_fallback",
    "buffer_m": 10000.0,
    "center_lat": 43.019556,
    "center_lon": -73.852174
   },
   "geometry": {
    "type": "Point",
    "coordinates": [
     -73.852174,
     43.01955599999998
    ]
   }
  },
  {
   "type": "Feature",
   "properties": {
    "project_id": "GPC_106",
    "name": "TALLULAH LODGE - TOCCOA 115 KV REBUILD",
    "utility": "Georgia Power",
    "type": "line",
    "endpoint_a": "TALLULAH LODGE",
    "endpoint_b": "TOCCOA",
    "in_service_date": "2030-06-01",
    "confidence": "unconfirmed",
    "geometry_basis": "straight corridor (endpoint geocode) + 10 km uncertainty buffer (no OSM power=line within 10 km)",
    "geometry_note": "corridor proximity, not surveyed distance",
    "geometry_source": "buffered_estimate",
    "buffer_m": 10000.0,
    "center_lat": 33.640473,
    "center_lon": -83.376367
   },
   "geometry": {
    "type": "LineString",
    "coordinates": [
     [
      -83.4,
      32.69999999999998
     ],
     [
      -83.35273405000001,
      34.58094625
     ]
    ]
   }
  },
  {
   "type": "Feature",
   "properties": {
    "project_id": "GPC_107",
    "name": "TRIBUTARY - THORNTON RD 230KV REBUILD",
    "utility": "Georgia Power",
    "type": "line",
    "endpoint_a": "TRIBUTARY",
    "endpoint_b": "THORNTON RD",
    "in_service_date": "2030-06-01",
    "confidence": "likely",
    "geometry_basis": "route-aware: corridor snapped to power=line OSM way 975245914 \u00b7 230000 V",
    "geometry_note": "OSM route proxy, not surveyed clearance",
    "geometry_source": "osm_snapped",
    "snap_m": 3177.3,
    "center_lat": 33.730242,
    "center_lon": -84.616274
   },
   "geometry": {
    "type": "LineString",
    "coordinates": [
     [
      -84.6108221,
      33.72396059999997
     ],
     [
      -84.6104048,
      33.72419489999999
     ],
     [
      -84.6090544,
      33.72416579999998
     ],
     [
      -84.6080354,
      33.72496469999999
     ],
     [
      -84.6071438,
      33.72607870000001
     ],
     [
      -84.6068839,
      33.727395599999994
     ],
     [
      -84.6068319,
      33.72841979999998
     ],
     [
      -84.606588,
      33.729543799999995
     ],
     [
      -84.605963,
      33.73058519999998
     ],
     [
      -84.6049497,
      33.73155949999998
     ],
     [
      -84.6033691,
      33.7329715
     ],
     [
      -84.6019036,
      33.734186799999975
     ],
     [
      -84.6009828,
      33.734790199999985
     ],
     [
      -84.5999674,
      33.735340599999994
     ],
     [
      -84.59854920000001,
      33.735976399999984
     ],
     [
      -84.5973365,
      33.736414
     ],
     [
      -84.5960478,
      33.736769499999994
     ],
     [
      -84.5946933,
      33.73690800000002
     ],
     [
      -84.5929071,
      33.73691649999999
     ],
     [
      -84.5908127,
      33.736983200000005
     ],
     [
      -84.5897603,
      33.737031099999996
     ],
     [
      -84.5884654,
      33.7375131
     ],
     [
      -84.5874932,
      33.738550599999996
     ],
     [
      -84.58660730000001,
      33.73973849999999
     ],
     [
      -84.5858735,
      33.7408324
     ],
     [
      -84.5850329,
      33.7419228
     ],
     [
      -84.5839456,
      33.74286459999997
     ],
     [
      -84.5831542,
      33.7439499
     ],
     [
      -84.5826692,
      33.744802699999994
     ],
     [
      -84.5823197,
      33.7459427
     ],
     [
      -84.58207720000001,
      33.74707410000001
     ],
     [
      -84.5818511,
      33.74796450000001
     ],
     [
      -84.5816332,
      33.74884300000001
     ],
     [
      -84.58229300000002,
      33.7496821
     ],
     [
      -84.5832531,
      33.750877299999985
     ]
    ]
   }
  },
  {
   "type": "Feature",
   "properties": {
    "project_id": "GPC_108",
    "name": "THOMASTON 230 NEW BUILD SUB",
    "utility": "Georgia Power",
    "type": "substation",
    "endpoint_a": "THOMASTON 230 NEW BUILD SUB",
    "endpoint_b": "",
    "in_service_date": "2030-11-01",
    "confidence": "unconfirmed",
    "geometry_basis": "route-aware: point snapped to power=line OSM way 160308069 \u00b7 230000 V",
    "geometry_note": "OSM route proxy, not surveyed clearance",
    "geometry_source": "osm_snapped",
    "snap_m": 2807.1,
    "center_lat": 32.7,
    "center_lon": -83.4
   },
   "geometry": {
    "type": "Point",
    "coordinates": [
     -83.4263734,
     32.71214809999999
    ]
   }
  },
  {
   "type": "Feature",
   "properties": {
    "project_id": "GPC_109",
    "name": "BAINBRIDGE TRANSMISSION: EAST RIVER ROAD, EAST BAINBRIDGE",
    "utility": "Georgia Power",
    "type": "line",
    "endpoint_a": "BAINBRIDGE TRANSMISSION",
    "endpoint_b": "",
    "in_service_date": "2030-12-31",
    "confidence": "unconfirmed",
    "geometry_basis": "straight fallback: geocoded point (no OSM power=line within 10 km)",
    "geometry_note": "corridor proximity, not surveyed distance",
    "geometry_source": "straight_fallback",
    "buffer_m": 10000.0,
    "center_lat": 36.812613,
    "center_lon": -76.277755
   },
   "geometry": {
    "type": "Point",
    "coordinates": [
     -76.2777552,
     36.8126135
    ]
   }
  },
  {
   "type": "Feature",
   "properties": {
    "project_id": "GPC_110",
    "name": "GLENWOOD SPRINGS 115KV CAP BANK",
    "utility": "Georgia Power",
    "type": "line",
    "endpoint_a": "GLENWOOD SPRINGS",
    "endpoint_b": "",
    "in_service_date": "2030-12-31",
    "confidence": "likely",
    "geometry_basis": "route-aware: point snapped to power=line OSM way 1054868581 \u00b7 46000 V",
    "geometry_note": "OSM route proxy, not surveyed clearance",
    "geometry_source": "osm_snapped",
    "snap_m": 304.7,
    "center_lat": 33.31279,
    "center_lon": -83.395632
   },
   "geometry": {
    "type": "Point",
    "coordinates": [
     -83.3924996,
     33.31363560000001
    ]
   }
  },
  {
   "type": "Feature",
   "properties": {
    "project_id": "GPC_111",
    "name": "EAST POINT - UNION CITY (WHITE) 230KV REBUILD",
    "utility": "Georgia Power",
    "type": "line",
    "endpoint_a": "EAST POINT",
    "endpoint_b": "UNION CITY",
    "in_service_date": "2031-05-01",
    "confidence": "confirmed",
    "geometry_basis": "route-aware: corridor snapped to power=line OSM way 179717845 \u00b7 230000 V",
    "geometry_note": "OSM route proxy, not surveyed clearance",
    "geometry_source": "osm_snapped",
    "snap_m": 7068.6,
    "center_lat": 33.614249,
    "center_lon": -84.485837
   },
   "geometry": {
    "type": "LineString",
    "coordinates": [
     [
      -84.4642031,
      33.67505030000001
     ],
     [
      -84.46627060000002,
      33.67264629999998
     ],
     [
      -84.4679565,
      33.67087699999998
     ],
     [
      -84.470154,
      33.6687295
     ],
     [
      -84.4724067,
      33.66652519999998
     ],
     [
      -84.4753253,
      33.66373389999999
     ],
     [
      -84.4782897,
      33.660920099999984
     ],
     [
      -84.4792588,
      33.65997600000001
     ],
     [
      -84.4803041,
      33.65895520000001
     ],
     [
      -84.48159410000001,
      33.657691
     ],
     [
      -84.4829928,
      33.656313899999994
     ],
     [
      -84.4846531,
      33.65470559999999
     ],
     [
      -84.48639350000002,
      33.652999399999985
     ],
     [
      -84.4884742,
      33.65097699999998
     ],
     [
      -84.4912001,
      33.64828980000001
     ],
     [
      -84.4940313,
      33.64552409999998
     ],
     [
      -84.4957063,
      33.64391490000001
     ],
     [
      -84.4982567,
      33.64136729999999
     ],
     [
      -84.5013536,
      33.63835009999999
     ],
     [
      -84.5041687,
      33.63557779999999
     ],
     [
      -84.506138,
      33.63363549999999
     ],
     [
      -84.5085408,
      33.631300799999984
     ],
     [
      -84.5110318,
      33.62884640000001
     ],
     [
      -84.5130532,
      33.6268626
     ],
     [
      -84.515965,
      33.62399719999999
     ],
     [
      -84.5171972,
      33.62281089999998
     ],
     [
      -84.5200464,
      33.61996529999999
     ],
     [
      -84.5226539,
      33.61740829999999
     ],
     [
      -84.5250988,
      33.615001099999986
     ]
    ]
   }
  },
  {
   "type": "Feature",
   "properties": {
    "project_id": "GPC_112",
    "name": "AVERY - HOPEWELL 115KV RECONDUCTOR",
    "utility": "Georgia Power",
    "type": "line",
    "endpoint_a": "AVERY",
    "endpoint_b": "HOPEWELL",
    "in_service_date": "2031-06-01",
    "confidence": "confirmed",
    "geometry_basis": "route-aware: corridor snapped to power=line OSM way 1012833488 \u00b7 Avery - Hopewell 115kV \u00b7 115000 V",
    "geometry_note": "OSM route proxy, not surveyed clearance",
    "geometry_source": "osm_snapped",
    "snap_m": 4403.0,
    "center_lat": 34.195591,
    "center_lon": -84.334585
   },
   "geometry": {
    "type": "LineString",
    "coordinates": [
     [
      -84.38571917637466,
      34.216989199343224
     ],
     [
      -84.3857105,
      34.216114099999984
     ],
     [
      -84.3873474,
      34.215815399999975
     ],
     [
      -84.3886146,
      34.2153989
     ],
     [
      -84.3873939,
      34.21408699999999
     ],
     [
      -84.3864933,
      34.21310669999998
     ],
     [
      -84.385262,
      34.211741799999984
     ],
     [
      -84.3837719,
      34.210441799999984
     ],
     [
      -84.3821869,
      34.20906329999999
     ],
     [
      -84.3807685,
      34.207802599999994
     ],
     [
      -84.3789156,
      34.20618729999998
     ],
     [
      -84.37791670000001,
      34.20531489999999
     ],
     [
      -84.3766148,
      34.20416389999999
     ],
     [
      -84.3739513,
      34.201852699999996
     ],
     [
      -84.3726531,
      34.200698599999996
     ],
     [
      -84.3705482,
      34.198843199999985
     ],
     [
      -84.3694056,
      34.197862499999985
     ],
     [
      -84.3673628,
      34.1960704
     ],
     [
      -84.3661022,
      34.19495349999999
     ],
     [
      -84.3649782,
      34.19398850000002
     ],
     [
      -84.3638457,
      34.193005799999995
     ],
     [
      -84.3627304,
      34.19201249999999
     ],
     [
      -84.3616107,
      34.19100509999998
     ],
     [
      -84.3597944,
      34.18940369999999
     ],
     [
      -84.3581833,
      34.188017999999985
     ],
     [
      -84.3572517,
      34.187219099999986
     ],
     [
      -84.3554184,
      34.185600000000015
     ],
     [
      -84.3538585,
      34.184235400000006
     ],
     [
      -84.3529782,
      34.18348949999999
     ],
     [
      -84.35217910000001,
      34.1827471
     ],
     [
      -84.3513127,
      34.18202980000002
     ],
     [
      -84.3507461,
      34.18149879999999
     ],
     [
      -84.3500191,
      34.18086749999999
     ],
     [
      -84.3492626,
      34.18020379999998
     ],
     [
      -84.34769720000001,
      34.17880039999999
     ],
     [
      -84.3463709,
      34.1776571
     ],
     [
      -84.3447073,
      34.1762104
     ],
     [
      -84.342857,
      34.174576599999995
     ],
     [
      -84.3416355,
      34.173484699999996
     ],
     [
      -84.3404107,
      34.172433500000004
     ],
     [
      -84.3386194,
      34.17111399999999
     ],
     [
      -84.3376697,
      34.1705477
     ],
     [
      -84.3375004,
      34.1704441
     ],
     [
      -84.3358489,
      34.16943409999998
     ],
     [
      -84.3344374,
      34.16859679999999
     ],
     [
      -84.3330686,
      34.167737900000006
     ],
     [
      -84.3333502,
      34.166887099999975
     ],
     [
      -84.3330849,
      34.166258400000004
     ],
     [
      -84.3318634,
      34.166112099999985
     ],
     [
      -84.3304067,
      34.16573499999999
     ]
    ]
   }
  },
  {
   "type": "Feature",
   "properties": {
    "project_id": "GPC_113",
    "name": "BOWEN #10 500/230KV AUTOBANK REPLACEMENT",
    "utility": "Georgia Power",
    "type": "substation",
    "endpoint_a": "BOWEN #10",
    "endpoint_b": "",
    "in_service_date": "2031-06-01",
    "confidence": "confirmed",
    "geometry_basis": "route-aware: point snapped to power=line OSM way 1055759874 \u00b7 500000 V",
    "geometry_note": "OSM route proxy, not surveyed clearance",
    "geometry_source": "osm_snapped",
    "snap_m": 37.4,
    "center_lat": 34.124052,
    "center_lon": -84.923014
   },
   "geometry": {
    "type": "Point",
    "coordinates": [
     -84.9226107,
     34.12400180000001
    ]
   }
  },
  {
   "type": "Feature",
   "properties": {
    "project_id": "GPC_114",
    "name": "HATCH - WADLEY 500 KV LINE STRATEGIC PROJECT",
    "utility": "Georgia Power",
    "type": "line",
    "endpoint_a": "HATCH",
    "endpoint_b": "WADLEY",
    "in_service_date": "2031-06-01",
    "confidence": "likely",
    "geometry_basis": "straight corridor (endpoint geocode) + 10 km uncertainty buffer (no OSM power=line within 10 km)",
    "geometry_note": "corridor proximity, not surveyed distance",
    "geometry_source": "buffered_estimate",
    "buffer_m": 10000.0,
    "center_lat": 32.371609,
    "center_lon": -82.372581
   },
   "geometry": {
    "type": "LineString",
    "coordinates": [
     [
      -82.34769735,
      31.934656800000006
     ],
     [
      -82.39746554999999,
      32.80856115000002
     ]
    ]
   }
  },
  {
   "type": "Feature",
   "properties": {
    "project_id": "GPC_115",
    "name": "ARKWRIGHT BUS AND JUMPER REPLACEMENT",
    "utility": "Georgia Power",
    "type": "line",
    "endpoint_a": "ARKWRIGHT BUS",
    "endpoint_b": "",
    "in_service_date": "2033-06-01",
    "confidence": "confirmed",
    "geometry_basis": "route-aware: point snapped to power=line OSM way 343593577 \u00b7 115000 V",
    "geometry_note": "OSM route proxy, not surveyed clearance",
    "geometry_source": "osm_snapped",
    "snap_m": 9.5,
    "center_lat": 32.927129,
    "center_lon": -83.698841
   },
   "geometry": {
    "type": "Point",
    "coordinates": [
     -83.6987427,
     32.927155099999986
    ]
   }
  },
  {
   "type": "Feature",
   "properties": {
    "project_id": "GPC_116",
    "name": "BAY CREEK - CONYERS 230KV LIMITING ELEMENT REPLACEMENT",
    "utility": "Georgia Power",
    "type": "line",
    "endpoint_a": "BAY CREEK",
    "endpoint_b": "CONYERS",
    "in_service_date": "2033-06-01",
    "confidence": "likely",
    "geometry_basis": "route-aware: corridor snapped to power=line OSM way 175826908 \u00b7 230000 V",
    "geometry_note": "OSM route proxy, not surveyed clearance",
    "geometry_source": "osm_snapped",
    "snap_m": 9239.9,
    "center_lat": 33.767865,
    "center_lon": -83.95002
   },
   "geometry": {
    "type": "LineString",
    "coordinates": [
     [
      -83.8825809,
      33.86769869999999
     ],
     [
      -83.8822054,
      33.86712909999999
     ],
     [
      -83.8834116,
      33.8665687
     ],
     [
      -83.8858979,
      33.86540600000001
     ],
     [
      -83.8912325,
      33.862919100000006
     ],
     [
      -83.8946045,
      33.86135639999999
     ],
     [
      -83.8982726,
      33.859657000000006
     ],
     [
      -83.9013932,
      33.858218399999984
     ],
     [
      -83.9058991,
      33.85613130000001
     ],
     [
      -83.9094593,
      33.85445970000002
     ],
     [
      -83.913842,
      33.85249269999996
     ],
     [
      -83.9159273,
      33.8502045
     ],
     [
      -83.9189316,
      33.8469981
     ],
     [
      -83.9219834,
      33.843752800000004
     ],
     [
      -83.924736,
      33.840835299999995
     ],
     [
      -83.9274168,
      33.8379799
     ],
     [
      -83.9296937,
      33.8355544
     ],
     [
      -83.9321052,
      33.832979599999994
     ],
     [
      -83.9353475,
      33.829548399999986
     ],
     [
      -83.9376317,
      33.827121099999985
     ],
     [
      -83.9401475,
      33.824445399999995
     ],
     [
      -83.9432335,
      33.82120530000001
     ],
     [
      -83.9453231,
      33.81856289999999
     ],
     [
      -83.9475431,
      33.8158435
     ],
     [
      -83.9503829,
      33.81232789999996
     ],
     [
      -83.9534269,
      33.80857859999999
     ],
     [
      -83.9558332,
      33.8056147
     ],
     [
      -83.958028,
      33.802907699999984
     ],
     [
      -83.96025060000001,
      33.80013059999999
     ],
     [
      -83.9628998,
      33.79747920000001
     ],
     [
      -83.9650444,
      33.79532019999999
     ],
     [
      -83.968104,
      33.79220300000002
     ],
     [
      -83.9706119,
      33.7897178
     ],
     [
      -83.9738087,
      33.78647740000001
     ],
     [
      -83.97663,
      33.78342419999999
     ],
     [
      -83.9786545,
      33.78128019999999
     ],
     [
      -83.9819362,
      33.7777436
     ],
     [
      -83.9840097,
      33.7755506
     ],
     [
      -83.9866318,
      33.77273850000002
     ],
     [
      -83.9889633,
      33.770214199999984
     ],
     [
      -83.991765,
      33.7672554
     ],
     [
      -83.9937966,
      33.76321180000001
     ],
     [
      -83.9952203,
      33.76039939999998
     ],
     [
      -83.9975951,
      33.75573779999999
     ],
     [
      -83.99928160000002,
      33.7523935
     ],
     [
      -84.0009141,
      33.749156299999996
     ]
    ]
   }
  },
  {
   "type": "Feature",
   "properties": {
    "project_id": "GPC_1",
    "name": "EVANS PRIMARY - THURMOND DAM (USA) #5 115KV REBUILD",
    "utility": "Georgia Power",
    "type": "line",
    "endpoint_a": "EVANS PRIMARY",
    "endpoint_b": "THURMOND DAM #5",
    "in_service_date": "2033-06-01",
    "confidence": "confirmed",
    "geometry_basis": "route-aware: corridor snapped to power=line OSM way 52102614 \u00b7 115000 V",
    "geometry_note": "OSM route proxy, not surveyed clearance",
    "geometry_source": "osm_snapped",
    "snap_m": 941.4,
    "center_lat": 33.602061,
    "center_lon": -82.182289
   },
   "geometry": {
    "type": "LineString",
    "coordinates": [
     [
      -82.16872133536938,
      33.544443230333464
     ],
     [
      -82.1693711,
      33.54437089999998
     ],
     [
      -82.1702569,
      33.54587049999999
     ],
     [
      -82.1717021,
      33.54833810000001
     ],
     [
      -82.1727321,
      33.550074999999985
     ],
     [
      -82.1744795,
      33.55301409999999
     ],
     [
      -82.1756121,
      33.554925
     ],
     [
      -82.1767955,
      33.55693359999999
     ],
     [
      -82.177855,
      33.5587392
     ],
     [
      -82.1791866,
      33.56105800000001
     ],
     [
      -82.1804749,
      33.563310499999986
     ],
     [
      -82.1811877,
      33.564546699999994
     ],
     [
      -82.1824036,
      33.5667237
     ],
     [
      -82.1835687,
      33.568755900000006
     ],
     [
      -82.184524,
      33.57044429999998
     ],
     [
      -82.1855915,
      33.572304500000016
     ],
     [
      -82.1866843,
      33.574215999999986
     ],
     [
      -82.1881101,
      33.576679099999986
     ],
     [
      -82.1891196,
      33.578484999999986
     ],
     [
      -82.1902342,
      33.5804385
     ],
     [
      -82.19144640000002,
      33.58257289999999
     ],
     [
      -82.1923981,
      33.58423389999999
     ],
     [
      -82.1941127,
      33.5872016
     ],
     [
      -82.1948742,
      33.58854360000001
     ],
     [
      -82.19541150000002,
      33.5894248
     ],
     [
      -82.1956095,
      33.58983929999999
     ],
     [
      -82.1966928,
      33.59169909999999
     ],
     [
      -82.1977401,
      33.59350279999999
     ],
     [
      -82.1992856,
      33.59617570000001
     ],
     [
      -82.1997289,
      33.5982527
     ],
     [
      -82.2002441,
      33.60060789999998
     ],
     [
      -82.2008175,
      33.603245899999976
     ],
     [
      -82.2011983,
      33.604978700000004
     ],
     [
      -82.2015957,
      33.6068115
     ],
     [
      -82.202368,
      33.6103322
     ],
     [
      -82.202802,
      33.6122948
     ],
     [
      -82.2028624,
      33.613601799999984
     ],
     [
      -82.2030056,
      33.6163402
     ],
     [
      -82.20308170000001,
      33.61788909999998
     ],
     [
      -82.2032605,
      33.62100649999999
     ],
     [
      -82.2033952,
      33.62365559999998
     ],
     [
      -82.2035429,
      33.62632869999999
     ],
     [
      -82.2037546,
      33.6302288
     ],
     [
      -82.20385930000002,
      33.632151300000004
     ],
     [
      -82.2040907,
      33.636441099999985
     ],
     [
      -82.204182,
      33.638042199999994
     ],
     [
      -82.2043037,
      33.6404444
     ],
     [
      -82.204389,
      33.64216379999999
     ],
     [
      -82.2045627,
      33.645027799999994
     ],
     [
      -82.2046669,
      33.6467891
     ],
     [
      -82.2048479,
      33.6499583
     ],
     [
      -82.2050128,
      33.6522745
     ],
     [
      -82.2052266,
      33.65509009999999
     ],
     [
      -82.2053546,
      33.65686119999998
     ]
    ]
   }
  },
  {
   "type": "Feature",
   "properties": {
    "project_id": "GPC_117",
    "name": "EVANS PRIMARY - THURMOND DAM (USA) #6 115KV REBUILD",
    "utility": "Georgia Power",
    "type": "line",
    "endpoint_a": "EVANS PRIMARY",
    "endpoint_b": "THURMOND DAM (USA) #6",
    "in_service_date": "2033-06-01",
    "confidence": "unconfirmed",
    "geometry_basis": "straight corridor (endpoint geocode) + 10 km uncertainty buffer (no OSM power=line within 10 km)",
    "geometry_note": "corridor proximity, not surveyed distance",
    "geometry_source": "buffered_estimate",
    "buffer_m": 10000.0,
    "center_lat": 33.121997,
    "center_lon": -82.784324
   },
   "geometry": {
    "type": "LineString",
    "coordinates": [
     [
      -82.168648,
      33.543994000000005
     ],
     [
      -83.4,
      32.69999999999998
     ]
    ]
   }
  },
  {
   "type": "Feature",
   "properties": {
    "project_id": "GPC_118",
    "name": "MCEVER ROAD - SHOAL CREEK 115KV REBUILD PHASE III",
    "utility": "Georgia Power",
    "type": "line",
    "endpoint_a": "MCEVER ROAD",
    "endpoint_b": "SHOAL CREEK",
    "in_service_date": "2033-06-01",
    "confidence": "likely",
    "geometry_basis": "straight corridor (endpoint geocode) + 10 km uncertainty buffer (no OSM power=line within 10 km)",
    "geometry_note": "corridor proximity, not surveyed distance",
    "geometry_source": "buffered_estimate",
    "buffer_m": 10000.0,
    "center_lat": 34.074736,
    "center_lon": -83.771138
   },
   "geometry": {
    "type": "LineString",
    "coordinates": [
     [
      -83.87380125,
      34.27288320000003
     ],
     [
      -83.6684748,
      33.87658830000001
     ]
    ]
   }
  },
  {
   "type": "Feature",
   "properties": {
    "project_id": "GPC_119",
    "name": "MCGRAU FORD - MIDDLE FORK 500KV LINE PROJECT",
    "utility": "Georgia Power",
    "type": "line",
    "endpoint_a": "MCGRAU FORD",
    "endpoint_b": "MIDDLE FORK",
    "in_service_date": "2033-06-01",
    "confidence": "likely",
    "geometry_basis": "straight corridor (endpoint geocode) + 10 km uncertainty buffer (no OSM power=line within 10 km)",
    "geometry_note": "corridor proximity, not surveyed distance",
    "geometry_source": "buffered_estimate",
    "buffer_m": 10000.0,
    "center_lat": 34.374495,
    "center_lon": -83.847809
   },
   "geometry": {
    "type": "LineString",
    "coordinates": [
     [
      -84.33700645,
      34.326452599999996
     ],
     [
      -83.3586118,
      34.42253819999999
     ]
    ]
   }
  },
  {
   "type": "Feature",
   "properties": {
    "project_id": "GPC_120",
    "name": "THOMSON PRIMARY 230/115KV SECOND TRANSFORMER",
    "utility": "Georgia Power",
    "type": "substation",
    "endpoint_a": "THOMSON PRIMARY",
    "endpoint_b": "",
    "in_service_date": "2033-06-01",
    "confidence": "confirmed",
    "geometry_basis": "route-aware: point snapped to power=line OSM way 1020780335 \u00b7 230000 V",
    "geometry_note": "OSM route proxy, not surveyed clearance",
    "geometry_source": "osm_snapped",
    "snap_m": 5.4,
    "center_lat": 33.452636,
    "center_lon": -82.412785
   },
   "geometry": {
    "type": "Point",
    "coordinates": [
     -82.4128388907289,
     33.452617209876436
    ]
   }
  },
  {
   "type": "Feature",
   "properties": {
    "project_id": "GPC_121",
    "name": "WINDER PRIMARY 230KV BUS 1-2 PARALLEL BUS-TIE INSTALLATION",
    "utility": "Georgia Power",
    "type": "line",
    "endpoint_a": "WINDER PRIMARY",
    "endpoint_b": "",
    "in_service_date": "2033-06-01",
    "confidence": "likely",
    "geometry_basis": "route-aware: point snapped to power=line OSM way 1033094921 \u00b7 115000 V",
    "geometry_note": "OSM route proxy, not surveyed clearance",
    "geometry_source": "osm_snapped",
    "snap_m": 29.5,
    "center_lat": 33.995459,
    "center_lon": -83.753131
   },
   "geometry": {
    "type": "Point",
    "coordinates": [
     -83.752857216443,
     33.99531962716662
    ]
   }
  },
  {
   "type": "Feature",
   "properties": {
    "project_id": "GPC_122",
    "name": "PINE GROVE PRIMARY - WEST VALDOSTA 115 KV RECONDUCTOR",
    "utility": "Georgia Power",
    "type": "line",
    "endpoint_a": "PINE GROVE PRIMARY",
    "endpoint_b": "WEST VALDOSTA",
    "in_service_date": "2033-12-31",
    "confidence": "confirmed",
    "geometry_basis": "route-aware: corridor snapped to power=line OSM way 996001759 \u00b7 115000 V",
    "geometry_note": "OSM route proxy, not surveyed clearance",
    "geometry_source": "osm_snapped",
    "snap_m": 1261.3,
    "center_lat": 30.857149,
    "center_lon": -83.23962
   },
   "geometry": {
    "type": "LineString",
    "coordinates": [
     [
      -83.2274677,
      30.880847799999987
     ],
     [
      -83.22728780000001,
      30.880482900000004
     ],
     [
      -83.2272493,
      30.879356200000007
     ],
     [
      -83.2272541,
      30.8776144
     ],
     [
      -83.2272156,
      30.875769500000022
     ],
     [
      -83.2271916,
      30.873829499999996
     ],
     [
      -83.2271531,
      30.871889500000005
     ],
     [
      -83.2271483,
      30.870040299999992
     ],
     [
      -83.227105,
      30.867988799999992
     ],
     [
      -83.2270858,
      30.866251
     ],
     [
      -83.2270666,
      30.86440579999998
     ],
     [
      -83.2270137,
      30.8604924
     ],
     [
      -83.2269656,
      30.858675999999978
     ],
     [
      -83.2269415,
      30.856843099999985
     ],
     [
      -83.2269415,
      30.8549729
     ],
     [
      -83.2266915,
      30.85332979999998
     ],
     [
      -83.226451,
      30.851711500000015
     ],
     [
      -83.2263741,
      30.850889899999988
     ],
     [
      -83.2273743,
      30.85053889999998
     ],
     [
      -83.2306012,
      30.849263199999996
     ],
     [
      -83.2350062,
      30.847459
     ],
     [
      -83.2369106,
      30.846691000000018
     ],
     [
      -83.2380359,
      30.846249299999993
     ],
     [
      -83.2396373,
      30.845683599999994
     ],
     [
      -83.2414743,
      30.844952799999994
     ],
     [
      -83.2439414,
      30.8439908
     ],
     [
      -83.2462304,
      30.843144400000003
     ]
    ]
   }
  },
  {
   "type": "Feature",
   "properties": {
    "project_id": "GPC_123",
    "name": "DAWSON CROSSING - GAINESVILLE #1 115 KV",
    "utility": "Georgia Power",
    "type": "line",
    "endpoint_a": "DAWSON CROSSING",
    "endpoint_b": "GAINESVILLE #1",
    "in_service_date": "2034-06-01",
    "confidence": "likely",
    "geometry_basis": "straight corridor (endpoint geocode) + 10 km uncertainty buffer (no OSM power=line within 10 km)",
    "geometry_note": "corridor proximity, not surveyed distance",
    "geometry_source": "buffered_estimate",
    "buffer_m": 10000.0,
    "center_lat": 34.374532,
    "center_lon": -83.683915
   },
   "geometry": {
    "type": "LineString",
    "coordinates": [
     [
      -84.13357535,
      34.378118499999985
     ],
     [
      -83.234255,
      34.37094599999999
     ]
    ]
   }
  },
  {
   "type": "Feature",
   "properties": {
    "project_id": "GPC_124",
    "name": "EVANS PRIMARY - THOMSON PRIMARY 115KV REBUILD",
    "utility": "Georgia Power",
    "type": "line",
    "endpoint_a": "EVANS PRIMARY",
    "endpoint_b": "THOMSON PRIMARY",
    "in_service_date": "2034-12-31",
    "confidence": "confirmed",
    "geometry_basis": "route-aware: corridor snapped to power=line OSM way 340539304 \u00b7 Thomson Primary - Evans 230kV \u00b7 230000 V",
    "geometry_note": "OSM route proxy, not surveyed clearance",
    "geometry_source": "osm_snapped",
    "snap_m": 36.5,
    "center_lat": 33.498315,
    "center_lon": -82.290716
   },
   "geometry": {
    "type": "LineString",
    "coordinates": [
     [
      -82.1690419,
      33.543962900000004
     ],
     [
      -82.1719727,
      33.54324179999999
     ],
     [
      -82.176382,
      33.54175869999999
     ],
     [
      -82.182443,
      33.53971799999999
     ],
     [
      -82.1860498,
      33.538494899999996
     ],
     [
      -82.1882236,
      33.538296599999995
     ],
     [
      -82.1923146,
      33.536983499999984
     ],
     [
      -82.1957807,
      33.53595389999999
     ],
     [
      -82.2007043,
      33.53445699999999
     ],
     [
      -82.2032083,
      33.53371090000001
     ],
     [
      -82.2059743,
      33.53287580000001
     ],
     [
      -82.2096715,
      33.531778800000005
     ],
     [
      -82.2151957,
      33.53005079999998
     ],
     [
      -82.2196305,
      33.52876929999999
     ],
     [
      -82.2250074,
      33.52714490000002
     ],
     [
      -82.2288039,
      33.5260265
     ],
     [
      -82.2341942,
      33.5244058
     ],
     [
      -82.2382128,
      33.5232017
     ],
     [
      -82.244162,
      33.521430799999976
     ],
     [
      -82.2465787,
      33.52071970000001
     ],
     [
      -82.2511053,
      33.51938880000001
     ],
     [
      -82.2569376,
      33.5177194
     ],
     [
      -82.2604394,
      33.51664279999999
     ],
     [
      -82.2634422,
      33.51576529999999
     ],
     [
      -82.26672230000001,
      33.51480099999997
     ],
     [
      -82.270781,
      33.5136109
     ],
     [
      -82.2733211,
      33.512939200000005
     ],
     [
      -82.2756322,
      33.51224959999999
     ],
     [
      -82.2801047,
      33.5109815
     ],
     [
      -82.2839008,
      33.509904799999994
     ],
     [
      -82.2882879,
      33.50867059999998
     ],
     [
      -82.2903854,
      33.50807079999999
     ],
     [
      -82.2940568,
      33.50701669999998
     ],
     [
      -82.2967703,
      33.50629659999998
     ],
     [
      -82.2990614,
      33.50565360000001
     ],
     [
      -82.3033421,
      33.50451970000001
     ],
     [
      -82.3058124,
      33.50386520000001
     ],
     [
      -82.3079287,
      33.5033508
     ],
     [
      -82.3107155,
      33.50137279999999
     ],
     [
      -82.3147469,
      33.49859039999999
     ],
     [
      -82.3192422,
      33.495492599999984
     ],
     [
      -82.3226063,
      33.493161099999995
     ],
     [
      -82.3250895,
      33.4914357
     ],
     [
      -82.3264674,
      33.49047709999999
     ],
     [
      -82.3299959,
      33.488081699999995
     ],
     [
      -82.3331452,
      33.485830599999986
     ],
     [
      -82.3354527,
      33.48482889999998
     ],
     [
      -82.3374831,
      33.483892099999984
     ],
     [
      -82.3403158,
      33.48255910000001
     ],
     [
      -82.3442509,
      33.480482299999984
     ],
     [
      -82.348048,
      33.478497000000004
     ],
     [
      -82.3500569,
      33.477451499999994
     ],
     [
      -82.35179300000001,
      33.47652009999999
     ],
     [
      -82.355941,
      33.47494719999998
     ],
     [
      -82.3602678,
      33.473232000000024
     ],
     [
      -82.3646288,
      33.471533099999995
     ],
     [
      -82.3681598,
      33.470141600000005
     ],
     [
      -82.3708573,
      33.468903499999996
     ],
     [
      -82.372429,
      33.4680739
     ],
     [
      -82.3743831,
      33.46704130000001
     ],
     [
      -82.3761513,
      33.46609819999999
     ],
     [
      -82.3781942,
      33.4650085
     ],
     [
      -82.3800407,
      33.464027299999984
     ],
     [
      -82.3817279,
      33.463099500000006
     ],
     [
      -82.3835089,
      33.4624831
     ],
     [
      -82.3860313,
      33.461559599999994
     ],
     [
      -82.3903338,
      33.4599384
     ],
     [
      -82.3932193,
      33.458866299999976
     ],
     [
      -82.3977852,
      33.457139600000005
     ],
     [
      -82.4011142,
      33.4558874
     ],
     [
      -82.4054511,
      33.454255999999994
     ],
     [
      -82.4081239,
      33.45322809999999
     ],
     [
      -82.4107246,
      33.45227829999999
     ],
     [
      -82.4116257,
      33.453074099999995
     ],
     [
      -82.4127519,
      33.45271439999997
     ]
    ]
   }
  }
 ]
}